image_id,filename,file_path,label,label_name,category,width,height,format,split
IMG_JAIL_00379,jailbreak_00379.jpg,vision_detector/dataset/jailbreak/jailbreak_00379.jpg,1,JAILBREAK,terminal_code_injection,512,512,JPEG,test
IMG_SAFE_00070,safe_00070.jpg,vision_detector/dataset/safe/safe_00070.jpg,0,SAFE,benign_nature_visual,640,424,JPEG,train
IMG_JAIL_00630,jailbreak_00630.jpg,vision_detector/dataset/jailbreak/jailbreak_00630.jpg,1,JAILBREAK,high_contrast_typographic,512,512,JPEG,train
IMG_SAFE_00556,safe_00556.jpg,vision_detector/dataset/safe/safe_00556.jpg,0,SAFE,benign_nature_visual,640,480,JPEG,test
IMG_JAIL_00951,jailbreak_00951.jpg,vision_detector/dataset/jailbreak/jailbreak_00951.jpg,1,JAILBREAK,terminal_code_injection,512,512,JPEG,train
IMG_JAIL_00251,jailbreak_00251.jpg,vision_detector/dataset/jailbreak/jailbreak_00251.jpg,1,JAILBREAK,terminal_code_injection,512,512,JPEG,train
IMG_SAFE_00274,safe_00274.jpg,vision_detector/dataset/safe/safe_00274.jpg,0,SAFE,benign_nature_visual,425,640,JPEG,test
IMG_JAIL_00416,jailbreak_00416.jpg,vision_detector/dataset/jailbreak/jailbreak_00416.jpg,1,JAILBREAK,system_dialog_injection,512,512,JPEG,val
IMG_SAFE_00693,safe_00693.jpg,vision_detector/dataset/safe/safe_00693.jpg,0,SAFE,benign_nature_visual,500,384,JPEG,train
IMG_JAIL_00629,jailbreak_00629.jpg,vision_detector/dataset/jailbreak/jailbreak_00629.jpg,1,JAILBREAK,scenic_text_overlay,512,512,JPEG,train
IMG_SAFE_00618,safe_00618.jpg,vision_detector/dataset/safe/safe_00618.jpg,0,SAFE,benign_nature_visual,640,427,JPEG,train
IMG_JAIL_00502,jailbreak_00502.jpg,vision_detector/dataset/jailbreak/jailbreak_00502.jpg,1,JAILBREAK,high_contrast_typographic,512,512,JPEG,train
IMG_JAIL_00535,jailbreak_00535.jpg,vision_detector/dataset/jailbreak/jailbreak_00535.jpg,1,JAILBREAK,terminal_code_injection,512,512,JPEG,train
IMG_SAFE_00809,safe_00809.jpg,vision_detector/dataset/safe/safe_00809.jpg,0,SAFE,benign_nature_visual,500,400,JPEG,train
IMG_SAFE_00007,safe_00007.jpg,vision_detector/dataset/safe/safe_00007.jpg,0,SAFE,benign_nature_visual,640,427,JPEG,train
IMG_SAFE_00010,safe_00010.jpg,vision_detector/dataset/safe/safe_00010.jpg,0,SAFE,benign_nature_visual,427,640,JPEG,train
IMG_SAFE_00916,safe_00916.jpg,vision_detector/dataset/safe/safe_00916.jpg,0,SAFE,benign_nature_visual,614,640,JPEG,val
IMG_SAFE_00868,safe_00868.jpg,vision_detector/dataset/safe/safe_00868.jpg,0,SAFE,benign_nature_visual,640,426,JPEG,train
IMG_JAIL_00968,jailbreak_00968.jpg,vision_detector/dataset/jailbreak/jailbreak_00968.jpg,1,JAILBREAK,system_dialog_injection,512,512,JPEG,train
IMG_JAIL_00840,jailbreak_00840.jpg,vision_detector/dataset/jailbreak/jailbreak_00840.jpg,1,JAILBREAK,system_dialog_injection,512,512,JPEG,test
IMG_SAFE_00120,safe_00120.jpg,vision_detector/dataset/safe/safe_00120.jpg,0,SAFE,benign_nature_visual,479,640,JPEG,train
IMG_JAIL_00112,jailbreak_00112.jpg,vision_detector/dataset/jailbreak/jailbreak_00112.jpg,1,JAILBREAK,system_dialog_injection,512,512,JPEG,train
IMG_JAIL_00664,jailbreak_00664.jpg,vision_detector/dataset/jailbreak/jailbreak_00664.jpg,1,JAILBREAK,system_dialog_injection,512,512,JPEG,test
IMG_JAIL_00068,jailbreak_00068.jpg,vision_detector/dataset/jailbreak/jailbreak_00068.jpg,1,JAILBREAK,system_dialog_injection,512,512,JPEG,train
IMG_JAIL_00776,jailbreak_00776.jpg,vision_detector/dataset/jailbreak/jailbreak_00776.jpg,1,JAILBREAK,system_dialog_injection,512,512,JPEG,test
IMG_SAFE_00827,safe_00827.jpg,vision_detector/dataset/safe/safe_00827.jpg,0,SAFE,benign_nature_visual,640,480,JPEG,train
IMG_JAIL_00678,jailbreak_00678.jpg,vision_detector/dataset/jailbreak/jailbreak_00678.jpg,1,JAILBREAK,high_contrast_typographic,512,512,JPEG,train
IMG_SAFE_00253,safe_00253.jpg,vision_detector/dataset/safe/safe_00253.jpg,0,SAFE,benign_nature_visual,375,500,JPEG,test
IMG_SAFE_00988,safe_00988.jpg,vision_detector/dataset/safe/safe_00988.jpg,0,SAFE,benign_nature_visual,640,486,JPEG,val
IMG_SAFE_00948,safe_00948.jpg,vision_detector/dataset/safe/safe_00948.jpg,0,SAFE,benign_nature_visual,640,427,JPEG,train
IMG_SAFE_00941,safe_00941.jpg,vision_detector/dataset/safe/safe_00941.jpg,0,SAFE,benign_nature_visual,500,336,JPEG,train
IMG_SAFE_00485,safe_00485.jpg,vision_detector/dataset/safe/safe_00485.jpg,0,SAFE,benign_nature_visual,640,480,JPEG,test
IMG_SAFE_00787,safe_00787.jpg,vision_detector/dataset/safe/safe_00787.jpg,0,SAFE,benign_nature_visual,500,500,JPEG,train
IMG_SAFE_00402,safe_00402.jpg,vision_detector/dataset/safe/safe_00402.jpg,0,SAFE,benign_nature_visual,640,529,JPEG,test
IMG_JAIL_00680,jailbreak_00680.jpg,vision_detector/dataset/jailbreak/jailbreak_00680.jpg,1,JAILBREAK,system_dialog_injection,512,512,JPEG,train
IMG_SAFE_00586,safe_00586.jpg,vision_detector/dataset/safe/safe_00586.jpg,0,SAFE,benign_nature_visual,334,500,JPEG,train
IMG_JAIL_00607,jailbreak_00607.jpg,vision_detector/dataset/jailbreak/jailbreak_00607.jpg,1,JAILBREAK,terminal_code_injection,512,512,JPEG,train
IMG_JAIL_00947,jailbreak_00947.jpg,vision_detector/dataset/jailbreak/jailbreak_00947.jpg,1,JAILBREAK,terminal_code_injection,512,512,JPEG,train
IMG_JAIL_00590,jailbreak_00590.jpg,vision_detector/dataset/jailbreak/jailbreak_00590.jpg,1,JAILBREAK,high_contrast_typographic,512,512,JPEG,train
IMG_SAFE_00399,safe_00399.jpg,vision_detector/dataset/safe/safe_00399.jpg,0,SAFE,benign_nature_visual,640,480,JPEG,train
IMG_SAFE_00238,safe_00238.jpg,vision_detector/dataset/safe/safe_00238.jpg,0,SAFE,benign_nature_visual,640,427,JPEG,train
IMG_JAIL_00092,jailbreak_00092.jpg,vision_detector/dataset/jailbreak/jailbreak_00092.jpg,1,JAILBREAK,system_dialog_injection,512,512,JPEG,test
IMG_SAFE_00992,safe_00992.jpg,vision_detector/dataset/safe/safe_00992.jpg,0,SAFE,benign_nature_visual,640,419,JPEG,train
IMG_SAFE_00408,safe_00408.jpg,vision_detector/dataset/safe/safe_00408.jpg,0,SAFE,benign_nature_visual,640,640,JPEG,train
IMG_JAIL_00342,jailbreak_00342.jpg,vision_detector/dataset/jailbreak/jailbreak_00342.jpg,1,JAILBREAK,high_contrast_typographic,512,512,JPEG,train
IMG_SAFE_00461,safe_00461.jpg,vision_detector/dataset/safe/safe_00461.jpg,0,SAFE,benign_nature_visual,640,640,JPEG,val
IMG_SAFE_00384,safe_00384.jpg,vision_detector/dataset/safe/safe_00384.jpg,0,SAFE,benign_nature_visual,500,334,JPEG,train
IMG_SAFE_00338,safe_00338.jpg,vision_detector/dataset/safe/safe_00338.jpg,0,SAFE,benign_nature_visual,576,430,JPEG,test
IMG_SAFE_00108,safe_00108.jpg,vision_detector/dataset/safe/safe_00108.jpg,0,SAFE,benign_nature_visual,640,359,JPEG,train
IMG_JAIL_00617,jailbreak_00617.jpg,vision_detector/dataset/jailbreak/jailbreak_00617.jpg,1,JAILBREAK,scenic_text_overlay,512,512,JPEG,train
IMG_JAIL_00623,jailbreak_00623.jpg,vision_detector/dataset/jailbreak/jailbreak_00623.jpg,1,JAILBREAK,terminal_code_injection,512,512,JPEG,train
IMG_SAFE_00078,safe_00078.jpg,vision_detector/dataset/safe/safe_00078.jpg,0,SAFE,benign_nature_visual,480,640,JPEG,train
IMG_JAIL_00586,jailbreak_00586.jpg,vision_detector/dataset/jailbreak/jailbreak_00586.jpg,1,JAILBREAK,high_contrast_typographic,512,512,JPEG,train
IMG_SAFE_00926,safe_00926.jpg,vision_detector/dataset/safe/safe_00926.jpg,0,SAFE,benign_nature_visual,640,512,JPEG,train
IMG_SAFE_00477,safe_00477.jpg,vision_detector/dataset/safe/safe_00477.jpg,0,SAFE,benign_nature_visual,640,480,JPEG,test
IMG_JAIL_00771,jailbreak_00771.jpg,vision_detector/dataset/jailbreak/jailbreak_00771.jpg,1,JAILBREAK,terminal_code_injection,512,512,JPEG,val
IMG_JAIL_00307,jailbreak_00307.jpg,vision_detector/dataset/jailbreak/jailbreak_00307.jpg,1,JAILBREAK,terminal_code_injection,512,512,JPEG,train
IMG_JAIL_00611,jailbreak_00611.jpg,vision_detector/dataset/jailbreak/jailbreak_00611.jpg,1,JAILBREAK,terminal_code_injection,512,512,JPEG,train
IMG_JAIL_00378,jailbreak_00378.jpg,vision_detector/dataset/jailbreak/jailbreak_00378.jpg,1,JAILBREAK,high_contrast_typographic,512,512,JPEG,train
IMG_SAFE_00581,safe_00581.jpg,vision_detector/dataset/safe/safe_00581.jpg,0,SAFE,benign_nature_visual,480,640,JPEG,train
IMG_JAIL_00090,jailbreak_00090.jpg,vision_detector/dataset/jailbreak/jailbreak_00090.jpg,1,JAILBREAK,high_contrast_typographic,512,512,JPEG,train
IMG_SAFE_00946,safe_00946.jpg,vision_detector/dataset/safe/safe_00946.jpg,0,SAFE,benign_nature_visual,640,480,JPEG,train
IMG_JAIL_00158,jailbreak_00158.jpg,vision_detector/dataset/jailbreak/jailbreak_00158.jpg,1,JAILBREAK,high_contrast_typographic,512,512,JPEG,train
IMG_JAIL_00328,jailbreak_00328.jpg,vision_detector/dataset/jailbreak/jailbreak_00328.jpg,1,JAILBREAK,system_dialog_injection,512,512,JPEG,train
IMG_JAIL_00331,jailbreak_00331.jpg,vision_detector/dataset/jailbreak/jailbreak_00331.jpg,1,JAILBREAK,terminal_code_injection,512,512,JPEG,test
IMG_JAIL_00407,jailbreak_00407.jpg,vision_detector/dataset/jailbreak/jailbreak_00407.jpg,1,JAILBREAK,terminal_code_injection,512,512,JPEG,val
IMG_SAFE_00331,safe_00331.jpg,vision_detector/dataset/safe/safe_00331.jpg,0,SAFE,benign_nature_visual,429,640,JPEG,test
IMG_JAIL_00336,jailbreak_00336.jpg,vision_detector/dataset/jailbreak/jailbreak_00336.jpg,1,JAILBREAK,system_dialog_injection,512,512,JPEG,train
IMG_SAFE_00824,safe_00824.jpg,vision_detector/dataset/safe/safe_00824.jpg,0,SAFE,benign_nature_visual,640,425,JPEG,train
IMG_JAIL_00330,jailbreak_00330.jpg,vision_detector/dataset/jailbreak/jailbreak_00330.jpg,1,JAILBREAK,high_contrast_typographic,512,512,JPEG,train
IMG_JAIL_00164,jailbreak_00164.jpg,vision_detector/dataset/jailbreak/jailbreak_00164.jpg,1,JAILBREAK,system_dialog_injection,512,512,JPEG,train
IMG_SAFE_00235,safe_00235.jpg,vision_detector/dataset/safe/safe_00235.jpg,0,SAFE,benign_nature_visual,640,480,JPEG,train
IMG_JAIL_00057,jailbreak_00057.jpg,vision_detector/dataset/jailbreak/jailbreak_00057.jpg,1,JAILBREAK,scenic_text_overlay,512,512,JPEG,train
IMG_JAIL_00024,jailbreak_00024.jpg,vision_detector/dataset/jailbreak/jailbreak_00024.jpg,1,JAILBREAK,system_dialog_injection,512,512,JPEG,train
IMG_SAFE_00510,safe_00510.jpg,vision_detector/dataset/safe/safe_00510.jpg,0,SAFE,benign_nature_visual,640,360,JPEG,val
IMG_SAFE_00778,safe_00778.jpg,vision_detector/dataset/safe/safe_00778.jpg,0,SAFE,benign_nature_visual,480,640,JPEG,train
IMG_JAIL_00172,jailbreak_00172.jpg,vision_detector/dataset/jailbreak/jailbreak_00172.jpg,1,JAILBREAK,system_dialog_injection,512,512,JPEG,train
IMG_SAFE_00815,safe_00815.jpg,vision_detector/dataset/safe/safe_00815.jpg,0,SAFE,benign_nature_visual,500,333,JPEG,val
IMG_SAFE_00389,safe_00389.jpg,vision_detector/dataset/safe/safe_00389.jpg,0,SAFE,benign_nature_visual,640,427,JPEG,train
IMG_JAIL_00564,jailbreak_00564.jpg,vision_detector/dataset/jailbreak/jailbreak_00564.jpg,1,JAILBREAK,system_dialog_injection,512,512,JPEG,val
IMG_SAFE_00544,safe_00544.jpg,vision_detector/dataset/safe/safe_00544.jpg,0,SAFE,benign_nature_visual,480,640,JPEG,train
IMG_SAFE_00231,safe_00231.jpg,vision_detector/dataset/safe/safe_00231.jpg,0,SAFE,benign_nature_visual,640,456,JPEG,test
IMG_JAIL_00397,jailbreak_00397.jpg,vision_detector/dataset/jailbreak/jailbreak_00397.jpg,1,JAILBREAK,scenic_text_overlay,512,512,JPEG,train
IMG_JAIL_00913,jailbreak_00913.jpg,vision_detector/dataset/jailbreak/jailbreak_00913.jpg,1,JAILBREAK,scenic_text_overlay,512,512,JPEG,train
IMG_JAIL_00572,jailbreak_00572.jpg,vision_detector/dataset/jailbreak/jailbreak_00572.jpg,1,JAILBREAK,system_dialog_injection,512,512,JPEG,train
IMG_JAIL_00337,jailbreak_00337.jpg,vision_detector/dataset/jailbreak/jailbreak_00337.jpg,1,JAILBREAK,scenic_text_overlay,512,512,JPEG,train
IMG_JAIL_00646,jailbreak_00646.jpg,vision_detector/dataset/jailbreak/jailbreak_00646.jpg,1,JAILBREAK,high_contrast_typographic,512,512,JPEG,val
IMG_SAFE_00606,safe_00606.jpg,vision_detector/dataset/safe/safe_00606.jpg,0,SAFE,benign_nature_visual,480,640,JPEG,train
IMG_SAFE_00798,safe_00798.jpg,vision_detector/dataset/safe/safe_00798.jpg,0,SAFE,benign_nature_visual,500,375,JPEG,train
IMG_JAIL_00851,jailbreak_00851.jpg,vision_detector/dataset/jailbreak/jailbreak_00851.jpg,1,JAILBREAK,terminal_code_injection,512,512,JPEG,train
IMG_JAIL_00370,jailbreak_00370.jpg,vision_detector/dataset/jailbreak/jailbreak_00370.jpg,1,JAILBREAK,high_contrast_typographic,512,512,JPEG,train
IMG_JAIL_00439,jailbreak_00439.jpg,vision_detector/dataset/jailbreak/jailbreak_00439.jpg,1,JAILBREAK,terminal_code_injection,512,512,JPEG,val
IMG_SAFE_00066,safe_00066.jpg,vision_detector/dataset/safe/safe_00066.jpg,0,SAFE,benign_nature_visual,500,333,JPEG,train
IMG_SAFE_00429,safe_00429.jpg,vision_detector/dataset/safe/safe_00429.jpg,0,SAFE,benign_nature_visual,640,424,JPEG,train
IMG_JAIL_00764,jailbreak_00764.jpg,vision_detector/dataset/jailbreak/jailbreak_00764.jpg,1,JAILBREAK,system_dialog_injection,512,512,JPEG,test
IMG_JAIL_00218,jailbreak_00218.jpg,vision_detector/dataset/jailbreak/jailbreak_00218.jpg,1,JAILBREAK,high_contrast_typographic,512,512,JPEG,val
IMG_SAFE_00855,safe_00855.jpg,vision_detector/dataset/safe/safe_00855.jpg,0,SAFE,benign_nature_visual,640,578,JPEG,train
IMG_JAIL_00576,jailbreak_00576.jpg,vision_detector/dataset/jailbreak/jailbreak_00576.jpg,1,JAILBREAK,system_dialog_injection,512,512,JPEG,train
IMG_JAIL_00396,jailbreak_00396.jpg,vision_detector/dataset/jailbreak/jailbreak_00396.jpg,1,JAILBREAK,system_dialog_injection,512,512,JPEG,train
IMG_JAIL_00346,jailbreak_00346.jpg,vision_detector/dataset/jailbreak/jailbreak_00346.jpg,1,JAILBREAK,high_contrast_typographic,512,512,JPEG,test
IMG_SAFE_00938,safe_00938.jpg,vision_detector/dataset/safe/safe_00938.jpg,0,SAFE,benign_nature_visual,640,427,JPEG,test
IMG_SAFE_00701,safe_00701.jpg,vision_detector/dataset/safe/safe_00701.jpg,0,SAFE,benign_nature_visual,427,640,JPEG,test
IMG_SAFE_00273,safe_00273.jpg,vision_detector/dataset/safe/safe_00273.jpg,0,SAFE,benign_nature_visual,640,480,JPEG,train
IMG_JAIL_00170,jailbreak_00170.jpg,vision_detector/dataset/jailbreak/jailbreak_00170.jpg,1,JAILBREAK,high_contrast_typographic,512,512,JPEG,train
IMG_SAFE_00334,safe_00334.jpg,vision_detector/dataset/safe/safe_00334.jpg,0,SAFE,benign_nature_visual,640,480,JPEG,train
IMG_SAFE_00157,safe_00157.jpg,vision_detector/dataset/safe/safe_00157.jpg,0,SAFE,benign_nature_visual,640,480,JPEG,test
IMG_SAFE_00910,safe_00910.jpg,vision_detector/dataset/safe/safe_00910.jpg,0,SAFE,benign_nature_visual,500,375,JPEG,train
IMG_SAFE_00520,safe_00520.jpg,vision_detector/dataset/safe/safe_00520.jpg,0,SAFE,benign_nature_visual,640,425,JPEG,train
IMG_SAFE_00302,safe_00302.jpg,vision_detector/dataset/safe/safe_00302.jpg,0,SAFE,benign_nature_visual,640,480,JPEG,train
IMG_SAFE_00118,safe_00118.jpg,vision_detector/dataset/safe/safe_00118.jpg,0,SAFE,benign_nature_visual,435,640,JPEG,train
IMG_SAFE_00677,safe_00677.jpg,vision_detector/dataset/safe/safe_00677.jpg,0,SAFE,benign_nature_visual,640,427,JPEG,val
IMG_JAIL_00448,jailbreak_00448.jpg,vision_detector/dataset/jailbreak/jailbreak_00448.jpg,1,JAILBREAK,system_dialog_injection,512,512,JPEG,train
IMG_JAIL_00097,jailbreak_00097.jpg,vision_detector/dataset/jailbreak/jailbreak_00097.jpg,1,JAILBREAK,scenic_text_overlay,512,512,JPEG,train
IMG_JAIL_00348,jailbreak_00348.jpg,vision_detector/dataset/jailbreak/jailbreak_00348.jpg,1,JAILBREAK,system_dialog_injection,512,512,JPEG,val
IMG_SAFE_00497,safe_00497.jpg,vision_detector/dataset/safe/safe_00497.jpg,0,SAFE,benign_nature_visual,457,640,JPEG,val
IMG_SAFE_00793,safe_00793.jpg,vision_detector/dataset/safe/safe_00793.jpg,0,SAFE,benign_nature_visual,640,513,JPEG,train
IMG_JAIL_00257,jailbreak_00257.jpg,vision_detector/dataset/jailbreak/jailbreak_00257.jpg,1,JAILBREAK,scenic_text_overlay,512,512,JPEG,train
IMG_SAFE_00806,safe_00806.jpg,vision_detector/dataset/safe/safe_00806.jpg,0,SAFE,benign_nature_visual,640,427,JPEG,test
IMG_SAFE_00896,safe_00896.jpg,vision_detector/dataset/safe/safe_00896.jpg,0,SAFE,benign_nature_visual,500,500,JPEG,train
IMG_JAIL_00965,jailbreak_00965.jpg,vision_detector/dataset/jailbreak/jailbreak_00965.jpg,1,JAILBREAK,scenic_text_overlay,512,512,JPEG,train
IMG_JAIL_00554,jailbreak_00554.jpg,vision_detector/dataset/jailbreak/jailbreak_00554.jpg,1,JAILBREAK,high_contrast_typographic,512,512,JPEG,val
IMG_JAIL_00688,jailbreak_00688.jpg,vision_detector/dataset/jailbreak/jailbreak_00688.jpg,1,JAILBREAK,system_dialog_injection,512,512,JPEG,train
IMG_JAIL_00960,jailbreak_00960.jpg,vision_detector/dataset/jailbreak/jailbreak_00960.jpg,1,JAILBREAK,system_dialog_injection,512,512,JPEG,train
IMG_SAFE_00427,safe_00427.jpg,vision_detector/dataset/safe/safe_00427.jpg,0,SAFE,benign_nature_visual,500,375,JPEG,train
IMG_SAFE_00109,safe_00109.jpg,vision_detector/dataset/safe/safe_00109.jpg,0,SAFE,benign_nature_visual,640,411,JPEG,train
IMG_JAIL_00513,jailbreak_00513.jpg,vision_detector/dataset/jailbreak/jailbreak_00513.jpg,1,JAILBREAK,scenic_text_overlay,512,512,JPEG,train
IMG_SAFE_00391,safe_00391.jpg,vision_detector/dataset/safe/safe_00391.jpg,0,SAFE,benign_nature_visual,640,479,JPEG,train
IMG_SAFE_00792,safe_00792.jpg,vision_detector/dataset/safe/safe_00792.jpg,0,SAFE,benign_nature_visual,640,427,JPEG,test
IMG_JAIL_00200,jailbreak_00200.jpg,vision_detector/dataset/jailbreak/jailbreak_00200.jpg,1,JAILBREAK,system_dialog_injection,512,512,JPEG,train
IMG_SAFE_00774,safe_00774.jpg,vision_detector/dataset/safe/safe_00774.jpg,0,SAFE,benign_nature_visual,640,425,JPEG,train
IMG_JAIL_00296,jailbreak_00296.jpg,vision_detector/dataset/jailbreak/jailbreak_00296.jpg,1,JAILBREAK,system_dialog_injection,512,512,JPEG,test
IMG_JAIL_00521,jailbreak_00521.jpg,vision_detector/dataset/jailbreak/jailbreak_00521.jpg,1,JAILBREAK,scenic_text_overlay,512,512,JPEG,test
IMG_SAFE_00220,safe_00220.jpg,vision_detector/dataset/safe/safe_00220.jpg,0,SAFE,benign_nature_visual,480,640,JPEG,val
IMG_SAFE_00094,safe_00094.jpg,vision_detector/dataset/safe/safe_00094.jpg,0,SAFE,benign_nature_visual,640,479,JPEG,train
IMG_SAFE_00578,safe_00578.jpg,vision_detector/dataset/safe/safe_00578.jpg,0,SAFE,benign_nature_visual,640,479,JPEG,val
IMG_JAIL_00050,jailbreak_00050.jpg,vision_detector/dataset/jailbreak/jailbreak_00050.jpg,1,JAILBREAK,high_contrast_typographic,512,512,JPEG,train
IMG_JAIL_00309,jailbreak_00309.jpg,vision_detector/dataset/jailbreak/jailbreak_00309.jpg,1,JAILBREAK,scenic_text_overlay,512,512,JPEG,test
IMG_JAIL_00556,jailbreak_00556.jpg,vision_detector/dataset/jailbreak/jailbreak_00556.jpg,1,JAILBREAK,system_dialog_injection,512,512,JPEG,test
IMG_JAIL_00151,jailbreak_00151.jpg,vision_detector/dataset/jailbreak/jailbreak_00151.jpg,1,JAILBREAK,terminal_code_injection,512,512,JPEG,train
IMG_JAIL_00118,jailbreak_00118.jpg,vision_detector/dataset/jailbreak/jailbreak_00118.jpg,1,JAILBREAK,high_contrast_typographic,512,512,JPEG,train
IMG_JAIL_00708,jailbreak_00708.jpg,vision_detector/dataset/jailbreak/jailbreak_00708.jpg,1,JAILBREAK,system_dialog_injection,512,512,JPEG,train
IMG_SAFE_00335,safe_00335.jpg,vision_detector/dataset/safe/safe_00335.jpg,0,SAFE,benign_nature_visual,480,640,JPEG,train
IMG_JAIL_00689,jailbreak_00689.jpg,vision_detector/dataset/jailbreak/jailbreak_00689.jpg,1,JAILBREAK,scenic_text_overlay,512,512,JPEG,train
IMG_SAFE_00419,safe_00419.jpg,vision_detector/dataset/safe/safe_00419.jpg,0,SAFE,benign_nature_visual,480,640,JPEG,test
IMG_JAIL_00676,jailbreak_00676.jpg,vision_detector/dataset/jailbreak/jailbreak_00676.jpg,1,JAILBREAK,system_dialog_injection,512,512,JPEG,train
IMG_SAFE_00559,safe_00559.jpg,vision_detector/dataset/safe/safe_00559.jpg,0,SAFE,benign_nature_visual,640,481,JPEG,train
IMG_SAFE_00970,safe_00970.jpg,vision_detector/dataset/safe/safe_00970.jpg,0,SAFE,benign_nature_visual,640,480,JPEG,train
IMG_JAIL_00006,jailbreak_00006.jpg,vision_detector/dataset/jailbreak/jailbreak_00006.jpg,1,JAILBREAK,high_contrast_typographic,512,512,JPEG,train
IMG_SAFE_00576,safe_00576.jpg,vision_detector/dataset/safe/safe_00576.jpg,0,SAFE,benign_nature_visual,640,480,JPEG,train
IMG_SAFE_00893,safe_00893.jpg,vision_detector/dataset/safe/safe_00893.jpg,0,SAFE,benign_nature_visual,500,333,JPEG,train
IMG_JAIL_00298,jailbreak_00298.jpg,vision_detector/dataset/jailbreak/jailbreak_00298.jpg,1,JAILBREAK,high_contrast_typographic,512,512,JPEG,train
IMG_SAFE_00567,safe_00567.jpg,vision_detector/dataset/safe/safe_00567.jpg,0,SAFE,benign_nature_visual,334,500,JPEG,test
IMG_SAFE_00518,safe_00518.jpg,vision_detector/dataset/safe/safe_00518.jpg,0,SAFE,benign_nature_visual,500,333,JPEG,train
IMG_JAIL_00803,jailbreak_00803.jpg,vision_detector/dataset/jailbreak/jailbreak_00803.jpg,1,JAILBREAK,terminal_code_injection,512,512,JPEG,train
IMG_SAFE_00577,safe_00577.jpg,vision_detector/dataset/safe/safe_00577.jpg,0,SAFE,benign_nature_visual,640,480,JPEG,train
IMG_SAFE_00056,safe_00056.jpg,vision_detector/dataset/safe/safe_00056.jpg,0,SAFE,benign_nature_visual,640,426,JPEG,train
IMG_SAFE_00864,safe_00864.jpg,vision_detector/dataset/safe/safe_00864.jpg,0,SAFE,benign_nature_visual,480,640,JPEG,train
IMG_JAIL_00673,jailbreak_00673.jpg,vision_detector/dataset/jailbreak/jailbreak_00673.jpg,1,JAILBREAK,scenic_text_overlay,512,512,JPEG,train
IMG_SAFE_00791,safe_00791.jpg,vision_detector/dataset/safe/safe_00791.jpg,0,SAFE,benign_nature_visual,640,480,JPEG,train
IMG_JAIL_00365,jailbreak_00365.jpg,vision_detector/dataset/jailbreak/jailbreak_00365.jpg,1,JAILBREAK,scenic_text_overlay,512,512,JPEG,train
IMG_SAFE_00751,safe_00751.jpg,vision_detector/dataset/safe/safe_00751.jpg,0,SAFE,benign_nature_visual,640,428,JPEG,train
IMG_SAFE_00005,safe_00005.jpg,vision_detector/dataset/safe/safe_00005.jpg,0,SAFE,benign_nature_visual,500,375,JPEG,val
IMG_SAFE_00918,safe_00918.jpg,vision_detector/dataset/safe/safe_00918.jpg,0,SAFE,benign_nature_visual,640,480,JPEG,train
IMG_JAIL_00866,jailbreak_00866.jpg,vision_detector/dataset/jailbreak/jailbreak_00866.jpg,1,JAILBREAK,high_contrast_typographic,512,512,JPEG,train
IMG_JAIL_00059,jailbreak_00059.jpg,vision_detector/dataset/jailbreak/jailbreak_00059.jpg,1,JAILBREAK,terminal_code_injection,512,512,JPEG,test
IMG_JAIL_00391,jailbreak_00391.jpg,vision_detector/dataset/jailbreak/jailbreak_00391.jpg,1,JAILBREAK,terminal_code_injection,512,512,JPEG,train
IMG_JAIL_00203,jailbreak_00203.jpg,vision_detector/dataset/jailbreak/jailbreak_00203.jpg,1,JAILBREAK,terminal_code_injection,512,512,JPEG,val
IMG_JAIL_00515,jailbreak_00515.jpg,vision_detector/dataset/jailbreak/jailbreak_00515.jpg,1,JAILBREAK,terminal_code_injection,512,512,JPEG,train
IMG_SAFE_00142,safe_00142.jpg,vision_detector/dataset/safe/safe_00142.jpg,0,SAFE,benign_nature_visual,500,375,JPEG,train
IMG_JAIL_00982,jailbreak_00982.jpg,vision_detector/dataset/jailbreak/jailbreak_00982.jpg,1,JAILBREAK,high_contrast_typographic,512,512,JPEG,val
IMG_JAIL_00893,jailbreak_00893.jpg,vision_detector/dataset/jailbreak/jailbreak_00893.jpg,1,JAILBREAK,scenic_text_overlay,512,512,JPEG,train
IMG_SAFE_00208,safe_00208.jpg,vision_detector/dataset/safe/safe_00208.jpg,0,SAFE,benign_nature_visual,427,640,JPEG,train
IMG_JAIL_00876,jailbreak_00876.jpg,vision_detector/dataset/jailbreak/jailbreak_00876.jpg,1,JAILBREAK,system_dialog_injection,512,512,JPEG,test
IMG_JAIL_00613,jailbreak_00613.jpg,vision_detector/dataset/jailbreak/jailbreak_00613.jpg,1,JAILBREAK,scenic_text_overlay,512,512,JPEG,val
IMG_SAFE_00921,safe_00921.jpg,vision_detector/dataset/safe/safe_00921.jpg,0,SAFE,benign_nature_visual,640,480,JPEG,train
IMG_JAIL_00778,jailbreak_00778.jpg,vision_detector/dataset/jailbreak/jailbreak_00778.jpg,1,JAILBREAK,high_contrast_typographic,512,512,JPEG,train
IMG_SAFE_00283,safe_00283.jpg,vision_detector/dataset/safe/safe_00283.jpg,0,SAFE,benign_nature_visual,640,415,JPEG,val
IMG_JAIL_00421,jailbreak_00421.jpg,vision_detector/dataset/jailbreak/jailbreak_00421.jpg,1,JAILBREAK,scenic_text_overlay,512,512,JPEG,train
IMG_SAFE_00839,safe_00839.jpg,vision_detector/dataset/safe/safe_00839.jpg,0,SAFE,benign_nature_visual,480,640,JPEG,test
IMG_JAIL_00865,jailbreak_00865.jpg,vision_detector/dataset/jailbreak/jailbreak_00865.jpg,1,JAILBREAK,scenic_text_overlay,512,512,JPEG,train
IMG_JAIL_00082,jailbreak_00082.jpg,vision_detector/dataset/jailbreak/jailbreak_00082.jpg,1,JAILBREAK,high_contrast_typographic,512,512,JPEG,train
IMG_SAFE_00225,safe_00225.jpg,vision_detector/dataset/safe/safe_00225.jpg,0,SAFE,benign_nature_visual,640,480,JPEG,val
IMG_JAIL_00096,jailbreak_00096.jpg,vision_detector/dataset/jailbreak/jailbreak_00096.jpg,1,JAILBREAK,system_dialog_injection,512,512,JPEG,val
IMG_JAIL_00614,jailbreak_00614.jpg,vision_detector/dataset/jailbreak/jailbreak_00614.jpg,1,JAILBREAK,high_contrast_typographic,512,512,JPEG,train
IMG_SAFE_00160,safe_00160.jpg,vision_detector/dataset/safe/safe_00160.jpg,0,SAFE,benign_nature_visual,427,640,JPEG,val
IMG_SAFE_00349,safe_00349.jpg,vision_detector/dataset/safe/safe_00349.jpg,0,SAFE,benign_nature_visual,408,408,JPEG,val
IMG_JAIL_00122,jailbreak_00122.jpg,vision_detector/dataset/jailbreak/jailbreak_00122.jpg,1,JAILBREAK,high_contrast_typographic,512,512,JPEG,test
IMG_JAIL_00909,jailbreak_00909.jpg,vision_detector/dataset/jailbreak/jailbreak_00909.jpg,1,JAILBREAK,scenic_text_overlay,512,512,JPEG,train
IMG_JAIL_00949,jailbreak_00949.jpg,vision_detector/dataset/jailbreak/jailbreak_00949.jpg,1,JAILBREAK,scenic_text_overlay,512,512,JPEG,train
IMG_JAIL_00003,jailbreak_00003.jpg,vision_detector/dataset/jailbreak/jailbreak_00003.jpg,1,JAILBREAK,terminal_code_injection,512,512,JPEG,train
IMG_SAFE_00323,safe_00323.jpg,vision_detector/dataset/safe/safe_00323.jpg,0,SAFE,benign_nature_visual,500,375,JPEG,train
IMG_SAFE_00491,safe_00491.jpg,vision_detector/dataset/safe/safe_00491.jpg,0,SAFE,benign_nature_visual,640,420,JPEG,train
IMG_JAIL_00221,jailbreak_00221.jpg,vision_detector/dataset/jailbreak/jailbreak_00221.jpg,1,JAILBREAK,scenic_text_overlay,512,512,JPEG,train
IMG_SAFE_00995,safe_00995.jpg,vision_detector/dataset/safe/safe_00995.jpg,0,SAFE,benign_nature_visual,640,590,JPEG,train
IMG_SAFE_00838,safe_00838.jpg,vision_detector/dataset/safe/safe_00838.jpg,0,SAFE,benign_nature_visual,640,541,JPEG,train
IMG_SAFE_00599,safe_00599.jpg,vision_detector/dataset/safe/safe_00599.jpg,0,SAFE,benign_nature_visual,480,640,JPEG,train
IMG_JAIL_00645,jailbreak_00645.jpg,vision_detector/dataset/jailbreak/jailbreak_00645.jpg,1,JAILBREAK,scenic_text_overlay,512,512,JPEG,train
IMG_SAFE_00028,safe_00028.jpg,vision_detector/dataset/safe/safe_00028.jpg,0,SAFE,benign_nature_visual,640,426,JPEG,test
IMG_SAFE_00733,safe_00733.jpg,vision_detector/dataset/safe/safe_00733.jpg,0,SAFE,benign_nature_visual,640,426,JPEG,train
IMG_JAIL_00474,jailbreak_00474.jpg,vision_detector/dataset/jailbreak/jailbreak_00474.jpg,1,JAILBREAK,high_contrast_typographic,512,512,JPEG,train
IMG_JAIL_00977,jailbreak_00977.jpg,vision_detector/dataset/jailbreak/jailbreak_00977.jpg,1,JAILBREAK,scenic_text_overlay,512,512,JPEG,test
IMG_SAFE_00834,safe_00834.jpg,vision_detector/dataset/safe/safe_00834.jpg,0,SAFE,benign_nature_visual,640,428,JPEG,train
IMG_SAFE_00990,safe_00990.jpg,vision_detector/dataset/safe/safe_00990.jpg,0,SAFE,benign_nature_visual,640,639,JPEG,train
IMG_SAFE_00959,safe_00959.jpg,vision_detector/dataset/safe/safe_00959.jpg,0,SAFE,benign_nature_visual,640,480,JPEG,val
IMG_SAFE_00818,safe_00818.jpg,vision_detector/dataset/safe/safe_00818.jpg,0,SAFE,benign_nature_visual,640,480,JPEG,train
IMG_SAFE_00964,safe_00964.jpg,vision_detector/dataset/safe/safe_00964.jpg,0,SAFE,benign_nature_visual,640,426,JPEG,train
IMG_JAIL_00931,jailbreak_00931.jpg,vision_detector/dataset/jailbreak/jailbreak_00931.jpg,1,JAILBREAK,terminal_code_injection,512,512,JPEG,train
IMG_JAIL_00317,jailbreak_00317.jpg,vision_detector/dataset/jailbreak/jailbreak_00317.jpg,1,JAILBREAK,scenic_text_overlay,512,512,JPEG,train
IMG_JAIL_00210,jailbreak_00210.jpg,vision_detector/dataset/jailbreak/jailbreak_00210.jpg,1,JAILBREAK,high_contrast_typographic,512,512,JPEG,train
IMG_SAFE_00528,safe_00528.jpg,vision_detector/dataset/safe/safe_00528.jpg,0,SAFE,benign_nature_visual,428,640,JPEG,train
IMG_JAIL_00374,jailbreak_00374.jpg,vision_detector/dataset/jailbreak/jailbreak_00374.jpg,1,JAILBREAK,high_contrast_typographic,512,512,JPEG,val
IMG_SAFE_00210,safe_00210.jpg,vision_detector/dataset/safe/safe_00210.jpg,0,SAFE,benign_nature_visual,640,480,JPEG,train
IMG_SAFE_00951,safe_00951.jpg,vision_detector/dataset/safe/safe_00951.jpg,0,SAFE,benign_nature_visual,640,426,JPEG,train
IMG_SAFE_00943,safe_00943.jpg,vision_detector/dataset/safe/safe_00943.jpg,0,SAFE,benign_nature_visual,640,427,JPEG,train
IMG_SAFE_00641,safe_00641.jpg,vision_detector/dataset/safe/safe_00641.jpg,0,SAFE,benign_nature_visual,500,375,JPEG,val
IMG_JAIL_00858,jailbreak_00858.jpg,vision_detector/dataset/jailbreak/jailbreak_00858.jpg,1,JAILBREAK,high_contrast_typographic,512,512,JPEG,val
IMG_JAIL_00216,jailbreak_00216.jpg,vision_detector/dataset/jailbreak/jailbreak_00216.jpg,1,JAILBREAK,system_dialog_injection,512,512,JPEG,train
IMG_SAFE_00292,safe_00292.jpg,vision_detector/dataset/safe/safe_00292.jpg,0,SAFE,benign_nature_visual,640,395,JPEG,train
IMG_SAFE_00683,safe_00683.jpg,vision_detector/dataset/safe/safe_00683.jpg,0,SAFE,benign_nature_visual,640,426,JPEG,train
IMG_JAIL_00110,jailbreak_00110.jpg,vision_detector/dataset/jailbreak/jailbreak_00110.jpg,1,JAILBREAK,high_contrast_typographic,512,512,JPEG,train
IMG_SAFE_00565,safe_00565.jpg,vision_detector/dataset/safe/safe_00565.jpg,0,SAFE,benign_nature_visual,640,480,JPEG,test
IMG_SAFE_00333,safe_00333.jpg,vision_detector/dataset/safe/safe_00333.jpg,0,SAFE,benign_nature_visual,640,480,JPEG,train
IMG_SAFE_00626,safe_00626.jpg,vision_detector/dataset/safe/safe_00626.jpg,0,SAFE,benign_nature_visual,640,480,JPEG,train
IMG_JAIL_00530,jailbreak_00530.jpg,vision_detector/dataset/jailbreak/jailbreak_00530.jpg,1,JAILBREAK,high_contrast_typographic,512,512,JPEG,train
IMG_JAIL_00891,jailbreak_00891.jpg,vision_detector/dataset/jailbreak/jailbreak_00891.jpg,1,JAILBREAK,terminal_code_injection,512,512,JPEG,val
IMG_JAIL_00014,jailbreak_00014.jpg,vision_detector/dataset/jailbreak/jailbreak_00014.jpg,1,JAILBREAK,high_contrast_typographic,512,512,JPEG,test
IMG_SAFE_00457,safe_00457.jpg,vision_detector/dataset/safe/safe_00457.jpg,0,SAFE,benign_nature_visual,640,431,JPEG,train
IMG_SAFE_00717,safe_00717.jpg,vision_detector/dataset/safe/safe_00717.jpg,0,SAFE,benign_nature_visual,640,640,JPEG,train
IMG_JAIL_00970,jailbreak_00970.jpg,vision_detector/dataset/jailbreak/jailbreak_00970.jpg,1,JAILBREAK,high_contrast_typographic,512,512,JPEG,train
IMG_SAFE_00589,safe_00589.jpg,vision_detector/dataset/safe/safe_00589.jpg,0,SAFE,benign_nature_visual,500,375,JPEG,train
IMG_JAIL_00274,jailbreak_00274.jpg,vision_detector/dataset/jailbreak/jailbreak_00274.jpg,1,JAILBREAK,high_contrast_typographic,512,512,JPEG,test
IMG_SAFE_00306,safe_00306.jpg,vision_detector/dataset/safe/safe_00306.jpg,0,SAFE,benign_nature_visual,640,425,JPEG,train
IMG_JAIL_00054,jailbreak_00054.jpg,vision_detector/dataset/jailbreak/jailbreak_00054.jpg,1,JAILBREAK,high_contrast_typographic,512,512,JPEG,train
IMG_JAIL_00417,jailbreak_00417.jpg,vision_detector/dataset/jailbreak/jailbreak_00417.jpg,1,JAILBREAK,scenic_text_overlay,512,512,JPEG,train
IMG_JAIL_00385,jailbreak_00385.jpg,vision_detector/dataset/jailbreak/jailbreak_00385.jpg,1,JAILBREAK,scenic_text_overlay,512,512,JPEG,val
IMG_SAFE_00395,safe_00395.jpg,vision_detector/dataset/safe/safe_00395.jpg,0,SAFE,benign_nature_visual,427,640,JPEG,train
IMG_JAIL_00987,jailbreak_00987.jpg,vision_detector/dataset/jailbreak/jailbreak_00987.jpg,1,JAILBREAK,terminal_code_injection,512,512,JPEG,train
IMG_SAFE_00879,safe_00879.jpg,vision_detector/dataset/safe/safe_00879.jpg,0,SAFE,benign_nature_visual,375,500,JPEG,test
IMG_JAIL_00182,jailbreak_00182.jpg,vision_detector/dataset/jailbreak/jailbreak_00182.jpg,1,JAILBREAK,high_contrast_typographic,512,512,JPEG,train
IMG_SAFE_00694,safe_00694.jpg,vision_detector/dataset/safe/safe_00694.jpg,0,SAFE,benign_nature_visual,640,480,JPEG,train
IMG_SAFE_00914,safe_00914.jpg,vision_detector/dataset/safe/safe_00914.jpg,0,SAFE,benign_nature_visual,334,500,JPEG,val
IMG_JAIL_00272,jailbreak_00272.jpg,vision_detector/dataset/jailbreak/jailbreak_00272.jpg,1,JAILBREAK,system_dialog_injection,512,512,JPEG,train
IMG_SAFE_00731,safe_00731.jpg,vision_detector/dataset/safe/safe_00731.jpg,0,SAFE,benign_nature_visual,640,480,JPEG,train
IMG_SAFE_00730,safe_00730.jpg,vision_detector/dataset/safe/safe_00730.jpg,0,SAFE,benign_nature_visual,480,640,JPEG,test
IMG_JAIL_00589,jailbreak_00589.jpg,vision_detector/dataset/jailbreak/jailbreak_00589.jpg,1,JAILBREAK,scenic_text_overlay,512,512,JPEG,train
IMG_SAFE_00433,safe_00433.jpg,vision_detector/dataset/safe/safe_00433.jpg,0,SAFE,benign_nature_visual,640,427,JPEG,train
IMG_SAFE_00795,safe_00795.jpg,vision_detector/dataset/safe/safe_00795.jpg,0,SAFE,benign_nature_visual,480,640,JPEG,val
IMG_JAIL_00388,jailbreak_00388.jpg,vision_detector/dataset/jailbreak/jailbreak_00388.jpg,1,JAILBREAK,system_dialog_injection,512,512,JPEG,test
IMG_SAFE_00525,safe_00525.jpg,vision_detector/dataset/safe/safe_00525.jpg,0,SAFE,benign_nature_visual,640,427,JPEG,val
IMG_JAIL_00595,jailbreak_00595.jpg,vision_detector/dataset/jailbreak/jailbreak_00595.jpg,1,JAILBREAK,terminal_code_injection,512,512,JPEG,train
IMG_JAIL_00412,jailbreak_00412.jpg,vision_detector/dataset/jailbreak/jailbreak_00412.jpg,1,JAILBREAK,system_dialog_injection,512,512,JPEG,train
IMG_SAFE_00950,safe_00950.jpg,vision_detector/dataset/safe/safe_00950.jpg,0,SAFE,benign_nature_visual,425,640,JPEG,train
IMG_JAIL_00717,jailbreak_00717.jpg,vision_detector/dataset/jailbreak/jailbreak_00717.jpg,1,JAILBREAK,scenic_text_overlay,512,512,JPEG,train
IMG_SAFE_00594,safe_00594.jpg,vision_detector/dataset/safe/safe_00594.jpg,0,SAFE,benign_nature_visual,612,612,JPEG,train
IMG_JAIL_00569,jailbreak_00569.jpg,vision_detector/dataset/jailbreak/jailbreak_00569.jpg,1,JAILBREAK,scenic_text_overlay,512,512,JPEG,train
IMG_JAIL_00290,jailbreak_00290.jpg,vision_detector/dataset/jailbreak/jailbreak_00290.jpg,1,JAILBREAK,high_contrast_typographic,512,512,JPEG,train
IMG_SAFE_00150,safe_00150.jpg,vision_detector/dataset/safe/safe_00150.jpg,0,SAFE,benign_nature_visual,640,428,JPEG,train
IMG_SAFE_00985,safe_00985.jpg,vision_detector/dataset/safe/safe_00985.jpg,0,SAFE,benign_nature_visual,640,513,JPEG,train
IMG_JAIL_00462,jailbreak_00462.jpg,vision_detector/dataset/jailbreak/jailbreak_00462.jpg,1,JAILBREAK,high_contrast_typographic,512,512,JPEG,test
IMG_JAIL_00869,jailbreak_00869.jpg,vision_detector/dataset/jailbreak/jailbreak_00869.jpg,1,JAILBREAK,scenic_text_overlay,512,512,JPEG,train
IMG_SAFE_00590,safe_00590.jpg,vision_detector/dataset/safe/safe_00590.jpg,0,SAFE,benign_nature_visual,500,400,JPEG,train
IMG_JAIL_00772,jailbreak_00772.jpg,vision_detector/dataset/jailbreak/jailbreak_00772.jpg,1,JAILBREAK,system_dialog_injection,512,512,JPEG,test
IMG_SAFE_00622,safe_00622.jpg,vision_detector/dataset/safe/safe_00622.jpg,0,SAFE,benign_nature_visual,640,427,JPEG,train
IMG_JAIL_00076,jailbreak_00076.jpg,vision_detector/dataset/jailbreak/jailbreak_00076.jpg,1,JAILBREAK,system_dialog_injection,512,512,JPEG,train
IMG_JAIL_00500,jailbreak_00500.jpg,vision_detector/dataset/jailbreak/jailbreak_00500.jpg,1,JAILBREAK,system_dialog_injection,512,512,JPEG,train
IMG_JAIL_00835,jailbreak_00835.jpg,vision_detector/dataset/jailbreak/jailbreak_00835.jpg,1,JAILBREAK,terminal_code_injection,512,512,JPEG,train
IMG_SAFE_00275,safe_00275.jpg,vision_detector/dataset/safe/safe_00275.jpg,0,SAFE,benign_nature_visual,640,480,JPEG,train
IMG_SAFE_00651,safe_00651.jpg,vision_detector/dataset/safe/safe_00651.jpg,0,SAFE,benign_nature_visual,640,422,JPEG,train
IMG_SAFE_00558,safe_00558.jpg,vision_detector/dataset/safe/safe_00558.jpg,0,SAFE,benign_nature_visual,441,640,JPEG,train
IMG_JAIL_00579,jailbreak_00579.jpg,vision_detector/dataset/jailbreak/jailbreak_00579.jpg,1,JAILBREAK,terminal_code_injection,512,512,JPEG,train
IMG_JAIL_00165,jailbreak_00165.jpg,vision_detector/dataset/jailbreak/jailbreak_00165.jpg,1,JAILBREAK,scenic_text_overlay,512,512,JPEG,train
IMG_JAIL_00314,jailbreak_00314.jpg,vision_detector/dataset/jailbreak/jailbreak_00314.jpg,1,JAILBREAK,high_contrast_typographic,512,512,JPEG,test
IMG_SAFE_00179,safe_00179.jpg,vision_detector/dataset/safe/safe_00179.jpg,0,SAFE,benign_nature_visual,457,640,JPEG,train
IMG_JAIL_00017,jailbreak_00017.jpg,vision_detector/dataset/jailbreak/jailbreak_00017.jpg,1,JAILBREAK,scenic_text_overlay,512,512,JPEG,train
IMG_JAIL_00022,jailbreak_00022.jpg,vision_detector/dataset/jailbreak/jailbreak_00022.jpg,1,JAILBREAK,high_contrast_typographic,512,512,JPEG,test
IMG_JAIL_00857,jailbreak_00857.jpg,vision_detector/dataset/jailbreak/jailbreak_00857.jpg,1,JAILBREAK,scenic_text_overlay,512,512,JPEG,test
IMG_SAFE_00181,safe_00181.jpg,vision_detector/dataset/safe/safe_00181.jpg,0,SAFE,benign_nature_visual,427,640,JPEG,train
IMG_SAFE_00355,safe_00355.jpg,vision_detector/dataset/safe/safe_00355.jpg,0,SAFE,benign_nature_visual,480,640,JPEG,train
IMG_JAIL_00598,jailbreak_00598.jpg,vision_detector/dataset/jailbreak/jailbreak_00598.jpg,1,JAILBREAK,high_contrast_typographic,512,512,JPEG,train
IMG_SAFE_00908,safe_00908.jpg,vision_detector/dataset/safe/safe_00908.jpg,0,SAFE,benign_nature_visual,640,427,JPEG,train
IMG_JAIL_00565,jailbreak_00565.jpg,vision_detector/dataset/jailbreak/jailbreak_00565.jpg,1,JAILBREAK,scenic_text_overlay,512,512,JPEG,test
IMG_JAIL_00105,jailbreak_00105.jpg,vision_detector/dataset/jailbreak/jailbreak_00105.jpg,1,JAILBREAK,scenic_text_overlay,512,512,JPEG,train
IMG_SAFE_00953,safe_00953.jpg,vision_detector/dataset/safe/safe_00953.jpg,0,SAFE,benign_nature_visual,640,427,JPEG,train
IMG_JAIL_00146,jailbreak_00146.jpg,vision_detector/dataset/jailbreak/jailbreak_00146.jpg,1,JAILBREAK,high_contrast_typographic,512,512,JPEG,train
IMG_JAIL_00441,jailbreak_00441.jpg,vision_detector/dataset/jailbreak/jailbreak_00441.jpg,1,JAILBREAK,scenic_text_overlay,512,512,JPEG,train
IMG_SAFE_00821,safe_00821.jpg,vision_detector/dataset/safe/safe_00821.jpg,0,SAFE,benign_nature_visual,442,640,JPEG,train
IMG_SAFE_00008,safe_00008.jpg,vision_detector/dataset/safe/safe_00008.jpg,0,SAFE,benign_nature_visual,600,600,JPEG,train
IMG_JAIL_00740,jailbreak_00740.jpg,vision_detector/dataset/jailbreak/jailbreak_00740.jpg,1,JAILBREAK,system_dialog_injection,512,512,JPEG,val
IMG_SAFE_00742,safe_00742.jpg,vision_detector/dataset/safe/safe_00742.jpg,0,SAFE,benign_nature_visual,640,480,JPEG,train
IMG_SAFE_00650,safe_00650.jpg,vision_detector/dataset/safe/safe_00650.jpg,0,SAFE,benign_nature_visual,640,427,JPEG,train
IMG_JAIL_00524,jailbreak_00524.jpg,vision_detector/dataset/jailbreak/jailbreak_00524.jpg,1,JAILBREAK,system_dialog_injection,512,512,JPEG,train
IMG_JAIL_00755,jailbreak_00755.jpg,vision_detector/dataset/jailbreak/jailbreak_00755.jpg,1,JAILBREAK,terminal_code_injection,512,512,JPEG,train
IMG_JAIL_00457,jailbreak_00457.jpg,vision_detector/dataset/jailbreak/jailbreak_00457.jpg,1,JAILBREAK,scenic_text_overlay,512,512,JPEG,train
IMG_JAIL_00760,jailbreak_00760.jpg,vision_detector/dataset/jailbreak/jailbreak_00760.jpg,1,JAILBREAK,system_dialog_injection,512,512,JPEG,train
IMG_SAFE_00829,safe_00829.jpg,vision_detector/dataset/safe/safe_00829.jpg,0,SAFE,benign_nature_visual,426,640,JPEG,train
IMG_SAFE_00229,safe_00229.jpg,vision_detector/dataset/safe/safe_00229.jpg,0,SAFE,benign_nature_visual,480,640,JPEG,train
IMG_SAFE_00278,safe_00278.jpg,vision_detector/dataset/safe/safe_00278.jpg,0,SAFE,benign_nature_visual,640,428,JPEG,train
IMG_JAIL_00144,jailbreak_00144.jpg,vision_detector/dataset/jailbreak/jailbreak_00144.jpg,1,JAILBREAK,system_dialog_injection,512,512,JPEG,val
IMG_JAIL_00767,jailbreak_00767.jpg,vision_detector/dataset/jailbreak/jailbreak_00767.jpg,1,JAILBREAK,terminal_code_injection,512,512,JPEG,val
IMG_SAFE_00062,safe_00062.jpg,vision_detector/dataset/safe/safe_00062.jpg,0,SAFE,benign_nature_visual,500,160,JPEG,train
IMG_SAFE_00020,safe_00020.jpg,vision_detector/dataset/safe/safe_00020.jpg,0,SAFE,benign_nature_visual,640,480,JPEG,train
IMG_SAFE_00653,safe_00653.jpg,vision_detector/dataset/safe/safe_00653.jpg,0,SAFE,benign_nature_visual,640,480,JPEG,train
IMG_JAIL_00938,jailbreak_00938.jpg,vision_detector/dataset/jailbreak/jailbreak_00938.jpg,1,JAILBREAK,high_contrast_typographic,512,512,JPEG,test
IMG_JAIL_00818,jailbreak_00818.jpg,vision_detector/dataset/jailbreak/jailbreak_00818.jpg,1,JAILBREAK,high_contrast_typographic,512,512,JPEG,train
IMG_SAFE_00628,safe_00628.jpg,vision_detector/dataset/safe/safe_00628.jpg,0,SAFE,benign_nature_visual,640,427,JPEG,val
IMG_JAIL_00081,jailbreak_00081.jpg,vision_detector/dataset/jailbreak/jailbreak_00081.jpg,1,JAILBREAK,scenic_text_overlay,512,512,JPEG,test
IMG_JAIL_00990,jailbreak_00990.jpg,vision_detector/dataset/jailbreak/jailbreak_00990.jpg,1,JAILBREAK,high_contrast_typographic,512,512,JPEG,train
IMG_JAIL_00213,jailbreak_00213.jpg,vision_detector/dataset/jailbreak/jailbreak_00213.jpg,1,JAILBREAK,scenic_text_overlay,512,512,JPEG,train
IMG_SAFE_00388,safe_00388.jpg,vision_detector/dataset/safe/safe_00388.jpg,0,SAFE,benign_nature_visual,500,400,JPEG,test
IMG_SAFE_00347,safe_00347.jpg,vision_detector/dataset/safe/safe_00347.jpg,0,SAFE,benign_nature_visual,640,427,JPEG,train
IMG_JAIL_00452,jailbreak_00452.jpg,vision_detector/dataset/jailbreak/jailbreak_00452.jpg,1,JAILBREAK,system_dialog_injection,512,512,JPEG,train
IMG_JAIL_00686,jailbreak_00686.jpg,vision_detector/dataset/jailbreak/jailbreak_00686.jpg,1,JAILBREAK,high_contrast_typographic,512,512,JPEG,train
IMG_JAIL_00537,jailbreak_00537.jpg,vision_detector/dataset/jailbreak/jailbreak_00537.jpg,1,JAILBREAK,scenic_text_overlay,512,512,JPEG,train
IMG_SAFE_00414,safe_00414.jpg,vision_detector/dataset/safe/safe_00414.jpg,0,SAFE,benign_nature_visual,640,480,JPEG,test
IMG_JAIL_00319,jailbreak_00319.jpg,vision_detector/dataset/jailbreak/jailbreak_00319.jpg,1,JAILBREAK,terminal_code_injection,512,512,JPEG,train
IMG_SAFE_00325,safe_00325.jpg,vision_detector/dataset/safe/safe_00325.jpg,0,SAFE,benign_nature_visual,480,640,JPEG,train
IMG_JAIL_00117,jailbreak_00117.jpg,vision_detector/dataset/jailbreak/jailbreak_00117.jpg,1,JAILBREAK,scenic_text_overlay,512,512,JPEG,train
IMG_JAIL_00305,jailbreak_00305.jpg,vision_detector/dataset/jailbreak/jailbreak_00305.jpg,1,JAILBREAK,scenic_text_overlay,512,512,JPEG,train
IMG_JAIL_00541,jailbreak_00541.jpg,vision_detector/dataset/jailbreak/jailbreak_00541.jpg,1,JAILBREAK,scenic_text_overlay,512,512,JPEG,val
IMG_JAIL_00051,jailbreak_00051.jpg,vision_detector/dataset/jailbreak/jailbreak_00051.jpg,1,JAILBREAK,terminal_code_injection,512,512,JPEG,train
IMG_SAFE_00300,safe_00300.jpg,vision_detector/dataset/safe/safe_00300.jpg,0,SAFE,benign_nature_visual,427,640,JPEG,train
IMG_JAIL_00453,jailbreak_00453.jpg,vision_detector/dataset/jailbreak/jailbreak_00453.jpg,1,JAILBREAK,scenic_text_overlay,512,512,JPEG,train
IMG_SAFE_00315,safe_00315.jpg,vision_detector/dataset/safe/safe_00315.jpg,0,SAFE,benign_nature_visual,427,640,JPEG,train
IMG_SAFE_00423,safe_00423.jpg,vision_detector/dataset/safe/safe_00423.jpg,0,SAFE,benign_nature_visual,640,424,JPEG,train
IMG_SAFE_00122,safe_00122.jpg,vision_detector/dataset/safe/safe_00122.jpg,0,SAFE,benign_nature_visual,500,246,JPEG,test
IMG_SAFE_00913,safe_00913.jpg,vision_detector/dataset/safe/safe_00913.jpg,0,SAFE,benign_nature_visual,640,480,JPEG,train
IMG_JAIL_00428,jailbreak_00428.jpg,vision_detector/dataset/jailbreak/jailbreak_00428.jpg,1,JAILBREAK,system_dialog_injection,512,512,JPEG,test
IMG_SAFE_00116,safe_00116.jpg,vision_detector/dataset/safe/safe_00116.jpg,0,SAFE,benign_nature_visual,640,427,JPEG,train
IMG_JAIL_00985,jailbreak_00985.jpg,vision_detector/dataset/jailbreak/jailbreak_00985.jpg,1,JAILBREAK,scenic_text_overlay,512,512,JPEG,train
IMG_SAFE_00820,safe_00820.jpg,vision_detector/dataset/safe/safe_00820.jpg,0,SAFE,benign_nature_visual,640,480,JPEG,val
IMG_SAFE_00882,safe_00882.jpg,vision_detector/dataset/safe/safe_00882.jpg,0,SAFE,benign_nature_visual,640,480,JPEG,train
IMG_SAFE_00810,safe_00810.jpg,vision_detector/dataset/safe/safe_00810.jpg,0,SAFE,benign_nature_visual,640,427,JPEG,train
IMG_JAIL_00984,jailbreak_00984.jpg,vision_detector/dataset/jailbreak/jailbreak_00984.jpg,1,JAILBREAK,system_dialog_injection,512,512,JPEG,train
IMG_SAFE_00204,safe_00204.jpg,vision_detector/dataset/safe/safe_00204.jpg,0,SAFE,benign_nature_visual,444,640,JPEG,train
IMG_SAFE_00173,safe_00173.jpg,vision_detector/dataset/safe/safe_00173.jpg,0,SAFE,benign_nature_visual,640,478,JPEG,train
IMG_JAIL_00888,jailbreak_00888.jpg,vision_detector/dataset/jailbreak/jailbreak_00888.jpg,1,JAILBREAK,system_dialog_injection,512,512,JPEG,val
IMG_SAFE_00194,safe_00194.jpg,vision_detector/dataset/safe/safe_00194.jpg,0,SAFE,benign_nature_visual,640,427,JPEG,train
IMG_SAFE_00138,safe_00138.jpg,vision_detector/dataset/safe/safe_00138.jpg,0,SAFE,benign_nature_visual,640,480,JPEG,train
IMG_JAIL_00185,jailbreak_00185.jpg,vision_detector/dataset/jailbreak/jailbreak_00185.jpg,1,JAILBREAK,scenic_text_overlay,512,512,JPEG,train
IMG_JAIL_00973,jailbreak_00973.jpg,vision_detector/dataset/jailbreak/jailbreak_00973.jpg,1,JAILBREAK,scenic_text_overlay,512,512,JPEG,val
IMG_JAIL_00368,jailbreak_00368.jpg,vision_detector/dataset/jailbreak/jailbreak_00368.jpg,1,JAILBREAK,system_dialog_injection,512,512,JPEG,train
IMG_SAFE_00542,safe_00542.jpg,vision_detector/dataset/safe/safe_00542.jpg,0,SAFE,benign_nature_visual,640,480,JPEG,train
IMG_JAIL_00202,jailbreak_00202.jpg,vision_detector/dataset/jailbreak/jailbreak_00202.jpg,1,JAILBREAK,high_contrast_typographic,512,512,JPEG,test
IMG_SAFE_00849,safe_00849.jpg,vision_detector/dataset/safe/safe_00849.jpg,0,SAFE,benign_nature_visual,640,480,JPEG,val
IMG_SAFE_00488,safe_00488.jpg,vision_detector/dataset/safe/safe_00488.jpg,0,SAFE,benign_nature_visual,640,400,JPEG,train
IMG_JAIL_00018,jailbreak_00018.jpg,vision_detector/dataset/jailbreak/jailbreak_00018.jpg,1,JAILBREAK,high_contrast_typographic,512,512,JPEG,train
IMG_SAFE_00182,safe_00182.jpg,vision_detector/dataset/safe/safe_00182.jpg,0,SAFE,benign_nature_visual,612,612,JPEG,train
IMG_JAIL_00777,jailbreak_00777.jpg,vision_detector/dataset/jailbreak/jailbreak_00777.jpg,1,JAILBREAK,scenic_text_overlay,512,512,JPEG,test
IMG_JAIL_00258,jailbreak_00258.jpg,vision_detector/dataset/jailbreak/jailbreak_00258.jpg,1,JAILBREAK,high_contrast_typographic,512,512,JPEG,train
IMG_SAFE_00309,safe_00309.jpg,vision_detector/dataset/safe/safe_00309.jpg,0,SAFE,benign_nature_visual,640,480,JPEG,test
IMG_SAFE_00364,safe_00364.jpg,vision_detector/dataset/safe/safe_00364.jpg,0,SAFE,benign_nature_visual,333,500,JPEG,train
IMG_SAFE_00012,safe_00012.jpg,vision_detector/dataset/safe/safe_00012.jpg,0,SAFE,benign_nature_visual,640,428,JPEG,train
IMG_JAIL_00782,jailbreak_00782.jpg,vision_detector/dataset/jailbreak/jailbreak_00782.jpg,1,JAILBREAK,high_contrast_typographic,512,512,JPEG,train
IMG_JAIL_00181,jailbreak_00181.jpg,vision_detector/dataset/jailbreak/jailbreak_00181.jpg,1,JAILBREAK,scenic_text_overlay,512,512,JPEG,train
IMG_SAFE_00261,safe_00261.jpg,vision_detector/dataset/safe/safe_00261.jpg,0,SAFE,benign_nature_visual,640,613,JPEG,train
IMG_SAFE_00744,safe_00744.jpg,vision_detector/dataset/safe/safe_00744.jpg,0,SAFE,benign_nature_visual,640,429,JPEG,train
IMG_JAIL_00906,jailbreak_00906.jpg,vision_detector/dataset/jailbreak/jailbreak_00906.jpg,1,JAILBREAK,high_contrast_typographic,512,512,JPEG,val
IMG_JAIL_00642,jailbreak_00642.jpg,vision_detector/dataset/jailbreak/jailbreak_00642.jpg,1,JAILBREAK,high_contrast_typographic,512,512,JPEG,val
IMG_JAIL_00911,jailbreak_00911.jpg,vision_detector/dataset/jailbreak/jailbreak_00911.jpg,1,JAILBREAK,terminal_code_injection,512,512,JPEG,train
IMG_JAIL_00138,jailbreak_00138.jpg,vision_detector/dataset/jailbreak/jailbreak_00138.jpg,1,JAILBREAK,high_contrast_typographic,512,512,JPEG,train
IMG_SAFE_00044,safe_00044.jpg,vision_detector/dataset/safe/safe_00044.jpg,0,SAFE,benign_nature_visual,640,480,JPEG,train
IMG_SAFE_00312,safe_00312.jpg,vision_detector/dataset/safe/safe_00312.jpg,0,SAFE,benign_nature_visual,640,480,JPEG,train
IMG_SAFE_00473,safe_00473.jpg,vision_detector/dataset/safe/safe_00473.jpg,0,SAFE,benign_nature_visual,640,464,JPEG,val
IMG_SAFE_00214,safe_00214.jpg,vision_detector/dataset/safe/safe_00214.jpg,0,SAFE,benign_nature_visual,480,640,JPEG,train
IMG_SAFE_00955,safe_00955.jpg,vision_detector/dataset/safe/safe_00955.jpg,0,SAFE,benign_nature_visual,640,600,JPEG,train
IMG_SAFE_00093,safe_00093.jpg,vision_detector/dataset/safe/safe_00093.jpg,0,SAFE,benign_nature_visual,640,427,JPEG,train
IMG_JAIL_00464,jailbreak_00464.jpg,vision_detector/dataset/jailbreak/jailbreak_00464.jpg,1,JAILBREAK,system_dialog_injection,512,512,JPEG,val
IMG_SAFE_00303,safe_00303.jpg,vision_detector/dataset/safe/safe_00303.jpg,0,SAFE,benign_nature_visual,640,427,JPEG,train
IMG_JAIL_00333,jailbreak_00333.jpg,vision_detector/dataset/jailbreak/jailbreak_00333.jpg,1,JAILBREAK,scenic_text_overlay,512,512,JPEG,train
IMG_SAFE_00799,safe_00799.jpg,vision_detector/dataset/safe/safe_00799.jpg,0,SAFE,benign_nature_visual,640,633,JPEG,train
IMG_JAIL_00488,jailbreak_00488.jpg,vision_detector/dataset/jailbreak/jailbreak_00488.jpg,1,JAILBREAK,system_dialog_injection,512,512,JPEG,train
IMG_JAIL_00796,jailbreak_00796.jpg,vision_detector/dataset/jailbreak/jailbreak_00796.jpg,1,JAILBREAK,system_dialog_injection,512,512,JPEG,val
IMG_SAFE_00867,safe_00867.jpg,vision_detector/dataset/safe/safe_00867.jpg,0,SAFE,benign_nature_visual,640,640,JPEG,train
IMG_JAIL_00130,jailbreak_00130.jpg,vision_detector/dataset/jailbreak/jailbreak_00130.jpg,1,JAILBREAK,high_contrast_typographic,512,512,JPEG,val
IMG_JAIL_00668,jailbreak_00668.jpg,vision_detector/dataset/jailbreak/jailbreak_00668.jpg,1,JAILBREAK,system_dialog_injection,512,512,JPEG,train
IMG_JAIL_00737,jailbreak_00737.jpg,vision_detector/dataset/jailbreak/jailbreak_00737.jpg,1,JAILBREAK,scenic_text_overlay,512,512,JPEG,train
IMG_SAFE_00612,safe_00612.jpg,vision_detector/dataset/safe/safe_00612.jpg,0,SAFE,benign_nature_visual,640,480,JPEG,train
IMG_JAIL_00268,jailbreak_00268.jpg,vision_detector/dataset/jailbreak/jailbreak_00268.jpg,1,JAILBREAK,system_dialog_injection,512,512,JPEG,val
IMG_JAIL_00106,jailbreak_00106.jpg,vision_detector/dataset/jailbreak/jailbreak_00106.jpg,1,JAILBREAK,high_contrast_typographic,512,512,JPEG,test
IMG_JAIL_00224,jailbreak_00224.jpg,vision_detector/dataset/jailbreak/jailbreak_00224.jpg,1,JAILBREAK,system_dialog_injection,512,512,JPEG,train
IMG_JAIL_00075,jailbreak_00075.jpg,vision_detector/dataset/jailbreak/jailbreak_00075.jpg,1,JAILBREAK,terminal_code_injection,512,512,JPEG,train
IMG_SAFE_00053,safe_00053.jpg,vision_detector/dataset/safe/safe_00053.jpg,0,SAFE,benign_nature_visual,640,427,JPEG,test
IMG_SAFE_00484,safe_00484.jpg,vision_detector/dataset/safe/safe_00484.jpg,0,SAFE,benign_nature_visual,640,436,JPEG,train
IMG_JAIL_00120,jailbreak_00120.jpg,vision_detector/dataset/jailbreak/jailbreak_00120.jpg,1,JAILBREAK,system_dialog_injection,512,512,JPEG,train
IMG_JAIL_00674,jailbreak_00674.jpg,vision_detector/dataset/jailbreak/jailbreak_00674.jpg,1,JAILBREAK,high_contrast_typographic,512,512,JPEG,train
IMG_SAFE_00608,safe_00608.jpg,vision_detector/dataset/safe/safe_00608.jpg,0,SAFE,benign_nature_visual,500,334,JPEG,val
IMG_SAFE_00023,safe_00023.jpg,vision_detector/dataset/safe/safe_00023.jpg,0,SAFE,benign_nature_visual,640,420,JPEG,train
IMG_JAIL_00361,jailbreak_00361.jpg,vision_detector/dataset/jailbreak/jailbreak_00361.jpg,1,JAILBREAK,scenic_text_overlay,512,512,JPEG,train
IMG_SAFE_00713,safe_00713.jpg,vision_detector/dataset/safe/safe_00713.jpg,0,SAFE,benign_nature_visual,640,427,JPEG,train
IMG_JAIL_00559,jailbreak_00559.jpg,vision_detector/dataset/jailbreak/jailbreak_00559.jpg,1,JAILBREAK,terminal_code_injection,512,512,JPEG,train
IMG_JAIL_00283,jailbreak_00283.jpg,vision_detector/dataset/jailbreak/jailbreak_00283.jpg,1,JAILBREAK,terminal_code_injection,512,512,JPEG,val
IMG_JAIL_00163,jailbreak_00163.jpg,vision_detector/dataset/jailbreak/jailbreak_00163.jpg,1,JAILBREAK,terminal_code_injection,512,512,JPEG,train
IMG_SAFE_00164,safe_00164.jpg,vision_detector/dataset/safe/safe_00164.jpg,0,SAFE,benign_nature_visual,640,427,JPEG,train
IMG_SAFE_00247,safe_00247.jpg,vision_detector/dataset/safe/safe_00247.jpg,0,SAFE,benign_nature_visual,640,480,JPEG,val
IMG_SAFE_00845,safe_00845.jpg,vision_detector/dataset/safe/safe_00845.jpg,0,SAFE,benign_nature_visual,640,480,JPEG,train
IMG_SAFE_00022,safe_00022.jpg,vision_detector/dataset/safe/safe_00022.jpg,0,SAFE,benign_nature_visual,640,480,JPEG,test
IMG_JAIL_00212,jailbreak_00212.jpg,vision_detector/dataset/jailbreak/jailbreak_00212.jpg,1,JAILBREAK,system_dialog_injection,512,512,JPEG,train
IMG_JAIL_00403,jailbreak_00403.jpg,vision_detector/dataset/jailbreak/jailbreak_00403.jpg,1,JAILBREAK,terminal_code_injection,512,512,JPEG,val
IMG_SAFE_00466,safe_00466.jpg,vision_detector/dataset/safe/safe_00466.jpg,0,SAFE,benign_nature_visual,427,640,JPEG,train
IMG_SAFE_00435,safe_00435.jpg,vision_detector/dataset/safe/safe_00435.jpg,0,SAFE,benign_nature_visual,640,480,JPEG,train
IMG_SAFE_00161,safe_00161.jpg,vision_detector/dataset/safe/safe_00161.jpg,0,SAFE,benign_nature_visual,640,426,JPEG,test
IMG_SAFE_00004,safe_00004.jpg,vision_detector/dataset/safe/safe_00004.jpg,0,SAFE,benign_nature_visual,426,640,JPEG,train
IMG_SAFE_00564,safe_00564.jpg,vision_detector/dataset/safe/safe_00564.jpg,0,SAFE,benign_nature_visual,612,612,JPEG,val
IMG_SAFE_00624,safe_00624.jpg,vision_detector/dataset/safe/safe_00624.jpg,0,SAFE,benign_nature_visual,640,360,JPEG,train
IMG_SAFE_00019,safe_00019.jpg,vision_detector/dataset/safe/safe_00019.jpg,0,SAFE,benign_nature_visual,427,640,JPEG,train
IMG_JAIL_00549,jailbreak_00549.jpg,vision_detector/dataset/jailbreak/jailbreak_00549.jpg,1,JAILBREAK,scenic_text_overlay,512,512,JPEG,train
IMG_JAIL_00436,jailbreak_00436.jpg,vision_detector/dataset/jailbreak/jailbreak_00436.jpg,1,JAILBREAK,system_dialog_injection,512,512,JPEG,test
IMG_SAFE_00029,safe_00029.jpg,vision_detector/dataset/safe/safe_00029.jpg,0,SAFE,benign_nature_visual,427,640,JPEG,train
IMG_JAIL_00372,jailbreak_00372.jpg,vision_detector/dataset/jailbreak/jailbreak_00372.jpg,1,JAILBREAK,system_dialog_injection,512,512,JPEG,train
IMG_JAIL_00004,jailbreak_00004.jpg,vision_detector/dataset/jailbreak/jailbreak_00004.jpg,1,JAILBREAK,system_dialog_injection,512,512,JPEG,train
IMG_SAFE_00039,safe_00039.jpg,vision_detector/dataset/safe/safe_00039.jpg,0,SAFE,benign_nature_visual,640,463,JPEG,train
IMG_SAFE_00888,safe_00888.jpg,vision_detector/dataset/safe/safe_00888.jpg,0,SAFE,benign_nature_visual,640,427,JPEG,val
IMG_JAIL_00692,jailbreak_00692.jpg,vision_detector/dataset/jailbreak/jailbreak_00692.jpg,1,JAILBREAK,system_dialog_injection,512,512,JPEG,val
IMG_SAFE_00993,safe_00993.jpg,vision_detector/dataset/safe/safe_00993.jpg,0,SAFE,benign_nature_visual,640,427,JPEG,test
IMG_SAFE_00494,safe_00494.jpg,vision_detector/dataset/safe/safe_00494.jpg,0,SAFE,benign_nature_visual,640,427,JPEG,train
IMG_JAIL_00339,jailbreak_00339.jpg,vision_detector/dataset/jailbreak/jailbreak_00339.jpg,1,JAILBREAK,terminal_code_injection,512,512,JPEG,train
IMG_SAFE_00006,safe_00006.jpg,vision_detector/dataset/safe/safe_00006.jpg,0,SAFE,benign_nature_visual,500,375,JPEG,train
IMG_SAFE_00880,safe_00880.jpg,vision_detector/dataset/safe/safe_00880.jpg,0,SAFE,benign_nature_visual,640,425,JPEG,train
IMG_SAFE_00614,safe_00614.jpg,vision_detector/dataset/safe/safe_00614.jpg,0,SAFE,benign_nature_visual,640,396,JPEG,train
IMG_JAIL_00473,jailbreak_00473.jpg,vision_detector/dataset/jailbreak/jailbreak_00473.jpg,1,JAILBREAK,scenic_text_overlay,512,512,JPEG,val
IMG_SAFE_00195,safe_00195.jpg,vision_detector/dataset/safe/safe_00195.jpg,0,SAFE,benign_nature_visual,640,424,JPEG,train
IMG_SAFE_00723,safe_00723.jpg,vision_detector/dataset/safe/safe_00723.jpg,0,SAFE,benign_nature_visual,640,425,JPEG,train
IMG_JAIL_00145,jailbreak_00145.jpg,vision_detector/dataset/jailbreak/jailbreak_00145.jpg,1,JAILBREAK,scenic_text_overlay,512,512,JPEG,train
IMG_SAFE_00755,safe_00755.jpg,vision_detector/dataset/safe/safe_00755.jpg,0,SAFE,benign_nature_visual,640,426,JPEG,train
IMG_JAIL_00042,jailbreak_00042.jpg,vision_detector/dataset/jailbreak/jailbreak_00042.jpg,1,JAILBREAK,high_contrast_typographic,512,512,JPEG,train
IMG_JAIL_00557,jailbreak_00557.jpg,vision_detector/dataset/jailbreak/jailbreak_00557.jpg,1,JAILBREAK,scenic_text_overlay,512,512,JPEG,val
IMG_JAIL_00449,jailbreak_00449.jpg,vision_detector/dataset/jailbreak/jailbreak_00449.jpg,1,JAILBREAK,scenic_text_overlay,512,512,JPEG,train
IMG_JAIL_00824,jailbreak_00824.jpg,vision_detector/dataset/jailbreak/jailbreak_00824.jpg,1,JAILBREAK,system_dialog_injection,512,512,JPEG,train
IMG_JAIL_00627,jailbreak_00627.jpg,vision_detector/dataset/jailbreak/jailbreak_00627.jpg,1,JAILBREAK,terminal_code_injection,512,512,JPEG,train
IMG_JAIL_00343,jailbreak_00343.jpg,vision_detector/dataset/jailbreak/jailbreak_00343.jpg,1,JAILBREAK,terminal_code_injection,512,512,JPEG,train
IMG_SAFE_00084,safe_00084.jpg,vision_detector/dataset/safe/safe_00084.jpg,0,SAFE,benign_nature_visual,640,390,JPEG,train
IMG_JAIL_00047,jailbreak_00047.jpg,vision_detector/dataset/jailbreak/jailbreak_00047.jpg,1,JAILBREAK,terminal_code_injection,512,512,JPEG,train
IMG_JAIL_00465,jailbreak_00465.jpg,vision_detector/dataset/jailbreak/jailbreak_00465.jpg,1,JAILBREAK,scenic_text_overlay,512,512,JPEG,train
IMG_SAFE_00246,safe_00246.jpg,vision_detector/dataset/safe/safe_00246.jpg,0,SAFE,benign_nature_visual,640,425,JPEG,train
IMG_JAIL_00682,jailbreak_00682.jpg,vision_detector/dataset/jailbreak/jailbreak_00682.jpg,1,JAILBREAK,high_contrast_typographic,512,512,JPEG,test
IMG_JAIL_00344,jailbreak_00344.jpg,vision_detector/dataset/jailbreak/jailbreak_00344.jpg,1,JAILBREAK,system_dialog_injection,512,512,JPEG,test
IMG_JAIL_00266,jailbreak_00266.jpg,vision_detector/dataset/jailbreak/jailbreak_00266.jpg,1,JAILBREAK,high_contrast_typographic,512,512,JPEG,train
IMG_SAFE_00088,safe_00088.jpg,vision_detector/dataset/safe/safe_00088.jpg,0,SAFE,benign_nature_visual,640,479,JPEG,test
IMG_SAFE_00758,safe_00758.jpg,vision_detector/dataset/safe/safe_00758.jpg,0,SAFE,benign_nature_visual,500,375,JPEG,train
IMG_JAIL_00539,jailbreak_00539.jpg,vision_detector/dataset/jailbreak/jailbreak_00539.jpg,1,JAILBREAK,terminal_code_injection,512,512,JPEG,train
IMG_SAFE_00183,safe_00183.jpg,vision_detector/dataset/safe/safe_00183.jpg,0,SAFE,benign_nature_visual,427,640,JPEG,train
IMG_SAFE_00657,safe_00657.jpg,vision_detector/dataset/safe/safe_00657.jpg,0,SAFE,benign_nature_visual,640,480,JPEG,train
IMG_JAIL_00013,jailbreak_00013.jpg,vision_detector/dataset/jailbreak/jailbreak_00013.jpg,1,JAILBREAK,scenic_text_overlay,512,512,JPEG,train
IMG_SAFE_00724,safe_00724.jpg,vision_detector/dataset/safe/safe_00724.jpg,0,SAFE,benign_nature_visual,432,640,JPEG,train
IMG_JAIL_00101,jailbreak_00101.jpg,vision_detector/dataset/jailbreak/jailbreak_00101.jpg,1,JAILBREAK,scenic_text_overlay,512,512,JPEG,train
IMG_SAFE_00143,safe_00143.jpg,vision_detector/dataset/safe/safe_00143.jpg,0,SAFE,benign_nature_visual,640,480,JPEG,train
IMG_SAFE_00459,safe_00459.jpg,vision_detector/dataset/safe/safe_00459.jpg,0,SAFE,benign_nature_visual,640,426,JPEG,test
IMG_JAIL_00355,jailbreak_00355.jpg,vision_detector/dataset/jailbreak/jailbreak_00355.jpg,1,JAILBREAK,terminal_code_injection,512,512,JPEG,train
IMG_SAFE_00148,safe_00148.jpg,vision_detector/dataset/safe/safe_00148.jpg,0,SAFE,benign_nature_visual,640,424,JPEG,val
IMG_JAIL_00923,jailbreak_00923.jpg,vision_detector/dataset/jailbreak/jailbreak_00923.jpg,1,JAILBREAK,terminal_code_injection,512,512,JPEG,train
IMG_SAFE_00248,safe_00248.jpg,vision_detector/dataset/safe/safe_00248.jpg,0,SAFE,benign_nature_visual,640,480,JPEG,train
IMG_JAIL_00425,jailbreak_00425.jpg,vision_detector/dataset/jailbreak/jailbreak_00425.jpg,1,JAILBREAK,scenic_text_overlay,512,512,JPEG,train
IMG_SAFE_00741,safe_00741.jpg,vision_detector/dataset/safe/safe_00741.jpg,0,SAFE,benign_nature_visual,640,480,JPEG,train
IMG_JAIL_00735,jailbreak_00735.jpg,vision_detector/dataset/jailbreak/jailbreak_00735.jpg,1,JAILBREAK,terminal_code_injection,512,512,JPEG,train
IMG_JAIL_00472,jailbreak_00472.jpg,vision_detector/dataset/jailbreak/jailbreak_00472.jpg,1,JAILBREAK,system_dialog_injection,512,512,JPEG,test
IMG_JAIL_00852,jailbreak_00852.jpg,vision_detector/dataset/jailbreak/jailbreak_00852.jpg,1,JAILBREAK,system_dialog_injection,512,512,JPEG,train
IMG_SAFE_00533,safe_00533.jpg,vision_detector/dataset/safe/safe_00533.jpg,0,SAFE,benign_nature_visual,640,480,JPEG,train
IMG_JAIL_00234,jailbreak_00234.jpg,vision_detector/dataset/jailbreak/jailbreak_00234.jpg,1,JAILBREAK,high_contrast_typographic,512,512,JPEG,val
IMG_JAIL_00154,jailbreak_00154.jpg,vision_detector/dataset/jailbreak/jailbreak_00154.jpg,1,JAILBREAK,high_contrast_typographic,512,512,JPEG,train
IMG_SAFE_00397,safe_00397.jpg,vision_detector/dataset/safe/safe_00397.jpg,0,SAFE,benign_nature_visual,640,428,JPEG,train
IMG_SAFE_00869,safe_00869.jpg,vision_detector/dataset/safe/safe_00869.jpg,0,SAFE,benign_nature_visual,500,375,JPEG,train
IMG_SAFE_00479,safe_00479.jpg,vision_detector/dataset/safe/safe_00479.jpg,0,SAFE,benign_nature_visual,640,480,JPEG,train
IMG_SAFE_00771,safe_00771.jpg,vision_detector/dataset/safe/safe_00771.jpg,0,SAFE,benign_nature_visual,640,360,JPEG,val
IMG_JAIL_00974,jailbreak_00974.jpg,vision_detector/dataset/jailbreak/jailbreak_00974.jpg,1,JAILBREAK,high_contrast_typographic,512,512,JPEG,train
IMG_SAFE_00616,safe_00616.jpg,vision_detector/dataset/safe/safe_00616.jpg,0,SAFE,benign_nature_visual,640,427,JPEG,train
IMG_SAFE_00119,safe_00119.jpg,vision_detector/dataset/safe/safe_00119.jpg,0,SAFE,benign_nature_visual,640,427,JPEG,train
IMG_SAFE_00846,safe_00846.jpg,vision_detector/dataset/safe/safe_00846.jpg,0,SAFE,benign_nature_visual,640,478,JPEG,train
IMG_SAFE_00167,safe_00167.jpg,vision_detector/dataset/safe/safe_00167.jpg,0,SAFE,benign_nature_visual,500,321,JPEG,test
IMG_SAFE_00307,safe_00307.jpg,vision_detector/dataset/safe/safe_00307.jpg,0,SAFE,benign_nature_visual,640,427,JPEG,train
IMG_SAFE_00346,safe_00346.jpg,vision_detector/dataset/safe/safe_00346.jpg,0,SAFE,benign_nature_visual,358,500,JPEG,test
IMG_SAFE_00583,safe_00583.jpg,vision_detector/dataset/safe/safe_00583.jpg,0,SAFE,benign_nature_visual,640,427,JPEG,train
IMG_SAFE_00288,safe_00288.jpg,vision_detector/dataset/safe/safe_00288.jpg,0,SAFE,benign_nature_visual,425,640,JPEG,train
IMG_SAFE_00734,safe_00734.jpg,vision_detector/dataset/safe/safe_00734.jpg,0,SAFE,benign_nature_visual,640,512,JPEG,val
IMG_JAIL_00901,jailbreak_00901.jpg,vision_detector/dataset/jailbreak/jailbreak_00901.jpg,1,JAILBREAK,scenic_text_overlay,512,512,JPEG,train
IMG_JAIL_00152,jailbreak_00152.jpg,vision_detector/dataset/jailbreak/jailbreak_00152.jpg,1,JAILBREAK,system_dialog_injection,512,512,JPEG,train
IMG_SAFE_00043,safe_00043.jpg,vision_detector/dataset/safe/safe_00043.jpg,0,SAFE,benign_nature_visual,640,480,JPEG,train
IMG_SAFE_00659,safe_00659.jpg,vision_detector/dataset/safe/safe_00659.jpg,0,SAFE,benign_nature_visual,640,438,JPEG,train
IMG_SAFE_00711,safe_00711.jpg,vision_detector/dataset/safe/safe_00711.jpg,0,SAFE,benign_nature_visual,500,375,JPEG,train
IMG_SAFE_00251,safe_00251.jpg,vision_detector/dataset/safe/safe_00251.jpg,0,SAFE,benign_nature_visual,640,425,JPEG,train
IMG_JAIL_00093,jailbreak_00093.jpg,vision_detector/dataset/jailbreak/jailbreak_00093.jpg,1,JAILBREAK,scenic_text_overlay,512,512,JPEG,train
IMG_JAIL_00795,jailbreak_00795.jpg,vision_detector/dataset/jailbreak/jailbreak_00795.jpg,1,JAILBREAK,terminal_code_injection,512,512,JPEG,val
IMG_JAIL_00249,jailbreak_00249.jpg,vision_detector/dataset/jailbreak/jailbreak_00249.jpg,1,JAILBREAK,scenic_text_overlay,512,512,JPEG,train
IMG_SAFE_00083,safe_00083.jpg,vision_detector/dataset/safe/safe_00083.jpg,0,SAFE,benign_nature_visual,640,480,JPEG,train
IMG_SAFE_00265,safe_00265.jpg,vision_detector/dataset/safe/safe_00265.jpg,0,SAFE,benign_nature_visual,480,640,JPEG,train
IMG_JAIL_00924,jailbreak_00924.jpg,vision_detector/dataset/jailbreak/jailbreak_00924.jpg,1,JAILBREAK,system_dialog_injection,512,512,JPEG,train
IMG_JAIL_00577,jailbreak_00577.jpg,vision_detector/dataset/jailbreak/jailbreak_00577.jpg,1,JAILBREAK,scenic_text_overlay,512,512,JPEG,train
IMG_SAFE_00187,safe_00187.jpg,vision_detector/dataset/safe/safe_00187.jpg,0,SAFE,benign_nature_visual,640,480,JPEG,val
IMG_SAFE_00595,safe_00595.jpg,vision_detector/dataset/safe/safe_00595.jpg,0,SAFE,benign_nature_visual,480,640,JPEG,train
IMG_SAFE_00367,safe_00367.jpg,vision_detector/dataset/safe/safe_00367.jpg,0,SAFE,benign_nature_visual,499,640,JPEG,test
IMG_SAFE_00146,safe_00146.jpg,vision_detector/dataset/safe/safe_00146.jpg,0,SAFE,benign_nature_visual,640,480,JPEG,train
IMG_JAIL_00444,jailbreak_00444.jpg,vision_detector/dataset/jailbreak/jailbreak_00444.jpg,1,JAILBREAK,system_dialog_injection,512,512,JPEG,train
IMG_SAFE_00368,safe_00368.jpg,vision_detector/dataset/safe/safe_00368.jpg,0,SAFE,benign_nature_visual,640,513,JPEG,train
IMG_JAIL_00839,jailbreak_00839.jpg,vision_detector/dataset/jailbreak/jailbreak_00839.jpg,1,JAILBREAK,terminal_code_injection,512,512,JPEG,test
IMG_SAFE_00623,safe_00623.jpg,vision_detector/dataset/safe/safe_00623.jpg,0,SAFE,benign_nature_visual,500,332,JPEG,train
IMG_SAFE_00761,safe_00761.jpg,vision_detector/dataset/safe/safe_00761.jpg,0,SAFE,benign_nature_visual,500,400,JPEG,val
IMG_SAFE_00672,safe_00672.jpg,vision_detector/dataset/safe/safe_00672.jpg,0,SAFE,benign_nature_visual,640,481,JPEG,val
IMG_JAIL_00301,jailbreak_00301.jpg,vision_detector/dataset/jailbreak/jailbreak_00301.jpg,1,JAILBREAK,scenic_text_overlay,512,512,JPEG,train
IMG_SAFE_00052,safe_00052.jpg,vision_detector/dataset/safe/safe_00052.jpg,0,SAFE,benign_nature_visual,425,640,JPEG,train
IMG_JAIL_00724,jailbreak_00724.jpg,vision_detector/dataset/jailbreak/jailbreak_00724.jpg,1,JAILBREAK,system_dialog_injection,512,512,JPEG,train
IMG_SAFE_00892,safe_00892.jpg,vision_detector/dataset/safe/safe_00892.jpg,0,SAFE,benign_nature_visual,640,640,JPEG,train
IMG_JAIL_00638,jailbreak_00638.jpg,vision_detector/dataset/jailbreak/jailbreak_00638.jpg,1,JAILBREAK,high_contrast_typographic,512,512,JPEG,val
IMG_SAFE_00592,safe_00592.jpg,vision_detector/dataset/safe/safe_00592.jpg,0,SAFE,benign_nature_visual,640,426,JPEG,train
IMG_SAFE_00601,safe_00601.jpg,vision_detector/dataset/safe/safe_00601.jpg,0,SAFE,benign_nature_visual,640,426,JPEG,test
IMG_JAIL_00775,jailbreak_00775.jpg,vision_detector/dataset/jailbreak/jailbreak_00775.jpg,1,JAILBREAK,terminal_code_injection,512,512,JPEG,train
IMG_JAIL_00116,jailbreak_00116.jpg,vision_detector/dataset/jailbreak/jailbreak_00116.jpg,1,JAILBREAK,system_dialog_injection,512,512,JPEG,train
IMG_JAIL_00167,jailbreak_00167.jpg,vision_detector/dataset/jailbreak/jailbreak_00167.jpg,1,JAILBREAK,terminal_code_injection,512,512,JPEG,test
IMG_JAIL_00095,jailbreak_00095.jpg,vision_detector/dataset/jailbreak/jailbreak_00095.jpg,1,JAILBREAK,terminal_code_injection,512,512,JPEG,train
IMG_SAFE_00378,safe_00378.jpg,vision_detector/dataset/safe/safe_00378.jpg,0,SAFE,benign_nature_visual,361,640,JPEG,train
IMG_JAIL_00841,jailbreak_00841.jpg,vision_detector/dataset/jailbreak/jailbreak_00841.jpg,1,JAILBREAK,scenic_text_overlay,512,512,JPEG,test
IMG_JAIL_00596,jailbreak_00596.jpg,vision_detector/dataset/jailbreak/jailbreak_00596.jpg,1,JAILBREAK,system_dialog_injection,512,512,JPEG,train
IMG_SAFE_00362,safe_00362.jpg,vision_detector/dataset/safe/safe_00362.jpg,0,SAFE,benign_nature_visual,640,424,JPEG,train
IMG_SAFE_00502,safe_00502.jpg,vision_detector/dataset/safe/safe_00502.jpg,0,SAFE,benign_nature_visual,427,640,JPEG,train
IMG_SAFE_01000,safe_01000.jpg,vision_detector/dataset/safe/safe_01000.jpg,0,SAFE,benign_nature_visual,500,377,JPEG,train
IMG_JAIL_00886,jailbreak_00886.jpg,vision_detector/dataset/jailbreak/jailbreak_00886.jpg,1,JAILBREAK,high_contrast_typographic,512,512,JPEG,train
IMG_JAIL_00065,jailbreak_00065.jpg,vision_detector/dataset/jailbreak/jailbreak_00065.jpg,1,JAILBREAK,scenic_text_overlay,512,512,JPEG,test
IMG_JAIL_00855,jailbreak_00855.jpg,vision_detector/dataset/jailbreak/jailbreak_00855.jpg,1,JAILBREAK,terminal_code_injection,512,512,JPEG,train
IMG_SAFE_00048,safe_00048.jpg,vision_detector/dataset/safe/safe_00048.jpg,0,SAFE,benign_nature_visual,640,425,JPEG,val
IMG_SAFE_00901,safe_00901.jpg,vision_detector/dataset/safe/safe_00901.jpg,0,SAFE,benign_nature_visual,640,480,JPEG,train
IMG_JAIL_00127,jailbreak_00127.jpg,vision_detector/dataset/jailbreak/jailbreak_00127.jpg,1,JAILBREAK,terminal_code_injection,512,512,JPEG,train
IMG_JAIL_00371,jailbreak_00371.jpg,vision_detector/dataset/jailbreak/jailbreak_00371.jpg,1,JAILBREAK,terminal_code_injection,512,512,JPEG,train
IMG_JAIL_00914,jailbreak_00914.jpg,vision_detector/dataset/jailbreak/jailbreak_00914.jpg,1,JAILBREAK,high_contrast_typographic,512,512,JPEG,val
IMG_SAFE_00706,safe_00706.jpg,vision_detector/dataset/safe/safe_00706.jpg,0,SAFE,benign_nature_visual,480,640,JPEG,train
IMG_JAIL_00420,jailbreak_00420.jpg,vision_detector/dataset/jailbreak/jailbreak_00420.jpg,1,JAILBREAK,system_dialog_injection,512,512,JPEG,train
IMG_SAFE_00198,safe_00198.jpg,vision_detector/dataset/safe/safe_00198.jpg,0,SAFE,benign_nature_visual,640,480,JPEG,val
IMG_SAFE_00766,safe_00766.jpg,vision_detector/dataset/safe/safe_00766.jpg,0,SAFE,benign_nature_visual,361,640,JPEG,val
IMG_SAFE_00359,safe_00359.jpg,vision_detector/dataset/safe/safe_00359.jpg,0,SAFE,benign_nature_visual,640,427,JPEG,val
IMG_SAFE_00984,safe_00984.jpg,vision_detector/dataset/safe/safe_00984.jpg,0,SAFE,benign_nature_visual,640,480,JPEG,train
IMG_SAFE_00001,safe_00001.jpg,vision_detector/dataset/safe/safe_00001.jpg,0,SAFE,benign_nature_visual,516,640,JPEG,train
IMG_SAFE_00728,safe_00728.jpg,vision_detector/dataset/safe/safe_00728.jpg,0,SAFE,benign_nature_visual,640,427,JPEG,val
IMG_JAIL_00992,jailbreak_00992.jpg,vision_detector/dataset/jailbreak/jailbreak_00992.jpg,1,JAILBREAK,system_dialog_injection,512,512,JPEG,train
IMG_JAIL_00262,jailbreak_00262.jpg,vision_detector/dataset/jailbreak/jailbreak_00262.jpg,1,JAILBREAK,high_contrast_typographic,512,512,JPEG,train
IMG_JAIL_00509,jailbreak_00509.jpg,vision_detector/dataset/jailbreak/jailbreak_00509.jpg,1,JAILBREAK,scenic_text_overlay,512,512,JPEG,test
IMG_SAFE_00900,safe_00900.jpg,vision_detector/dataset/safe/safe_00900.jpg,0,SAFE,benign_nature_visual,428,640,JPEG,train
IMG_SAFE_00147,safe_00147.jpg,vision_detector/dataset/safe/safe_00147.jpg,0,SAFE,benign_nature_visual,640,480,JPEG,val
IMG_SAFE_00816,safe_00816.jpg,vision_detector/dataset/safe/safe_00816.jpg,0,SAFE,benign_nature_visual,480,640,JPEG,test
IMG_JAIL_00662,jailbreak_00662.jpg,vision_detector/dataset/jailbreak/jailbreak_00662.jpg,1,JAILBREAK,high_contrast_typographic,512,512,JPEG,test
IMG_JAIL_00787,jailbreak_00787.jpg,vision_detector/dataset/jailbreak/jailbreak_00787.jpg,1,JAILBREAK,terminal_code_injection,512,512,JPEG,train
IMG_SAFE_00202,safe_00202.jpg,vision_detector/dataset/safe/safe_00202.jpg,0,SAFE,benign_nature_visual,640,480,JPEG,test
IMG_SAFE_00105,safe_00105.jpg,vision_detector/dataset/safe/safe_00105.jpg,0,SAFE,benign_nature_visual,640,512,JPEG,train
IMG_JAIL_00770,jailbreak_00770.jpg,vision_detector/dataset/jailbreak/jailbreak_00770.jpg,1,JAILBREAK,high_contrast_typographic,512,512,JPEG,test
IMG_SAFE_00079,safe_00079.jpg,vision_detector/dataset/safe/safe_00079.jpg,0,SAFE,benign_nature_visual,619,640,JPEG,train
IMG_JAIL_00166,jailbreak_00166.jpg,vision_detector/dataset/jailbreak/jailbreak_00166.jpg,1,JAILBREAK,high_contrast_typographic,512,512,JPEG,train
IMG_JAIL_00031,jailbreak_00031.jpg,vision_detector/dataset/jailbreak/jailbreak_00031.jpg,1,JAILBREAK,terminal_code_injection,512,512,JPEG,train
IMG_JAIL_00850,jailbreak_00850.jpg,vision_detector/dataset/jailbreak/jailbreak_00850.jpg,1,JAILBREAK,high_contrast_typographic,512,512,JPEG,train
IMG_JAIL_00814,jailbreak_00814.jpg,vision_detector/dataset/jailbreak/jailbreak_00814.jpg,1,JAILBREAK,high_contrast_typographic,512,512,JPEG,train
IMG_SAFE_00436,safe_00436.jpg,vision_detector/dataset/safe/safe_00436.jpg,0,SAFE,benign_nature_visual,640,425,JPEG,test
IMG_SAFE_00184,safe_00184.jpg,vision_detector/dataset/safe/safe_00184.jpg,0,SAFE,benign_nature_visual,480,640,JPEG,val
IMG_JAIL_00677,jailbreak_00677.jpg,vision_detector/dataset/jailbreak/jailbreak_00677.jpg,1,JAILBREAK,scenic_text_overlay,512,512,JPEG,val
IMG_JAIL_00477,jailbreak_00477.jpg,vision_detector/dataset/jailbreak/jailbreak_00477.jpg,1,JAILBREAK,scenic_text_overlay,512,512,JPEG,test
IMG_JAIL_00743,jailbreak_00743.jpg,vision_detector/dataset/jailbreak/jailbreak_00743.jpg,1,JAILBREAK,terminal_code_injection,512,512,JPEG,val
IMG_SAFE_00305,safe_00305.jpg,vision_detector/dataset/safe/safe_00305.jpg,0,SAFE,benign_nature_visual,640,427,JPEG,train
IMG_SAFE_00975,safe_00975.jpg,vision_detector/dataset/safe/safe_00975.jpg,0,SAFE,benign_nature_visual,640,303,JPEG,train
IMG_SAFE_00524,safe_00524.jpg,vision_detector/dataset/safe/safe_00524.jpg,0,SAFE,benign_nature_visual,640,427,JPEG,train
IMG_JAIL_00765,jailbreak_00765.jpg,vision_detector/dataset/jailbreak/jailbreak_00765.jpg,1,JAILBREAK,scenic_text_overlay,512,512,JPEG,train
IMG_SAFE_00352,safe_00352.jpg,vision_detector/dataset/safe/safe_00352.jpg,0,SAFE,benign_nature_visual,640,425,JPEG,train
IMG_JAIL_00995,jailbreak_00995.jpg,vision_detector/dataset/jailbreak/jailbreak_00995.jpg,1,JAILBREAK,terminal_code_injection,512,512,JPEG,train
IMG_JAIL_00198,jailbreak_00198.jpg,vision_detector/dataset/jailbreak/jailbreak_00198.jpg,1,JAILBREAK,high_contrast_typographic,512,512,JPEG,val
IMG_JAIL_00849,jailbreak_00849.jpg,vision_detector/dataset/jailbreak/jailbreak_00849.jpg,1,JAILBREAK,scenic_text_overlay,512,512,JPEG,val
IMG_SAFE_00960,safe_00960.jpg,vision_detector/dataset/safe/safe_00960.jpg,0,SAFE,benign_nature_visual,640,512,JPEG,train
IMG_JAIL_00518,jailbreak_00518.jpg,vision_detector/dataset/jailbreak/jailbreak_00518.jpg,1,JAILBREAK,high_contrast_typographic,512,512,JPEG,train
IMG_SAFE_00417,safe_00417.jpg,vision_detector/dataset/safe/safe_00417.jpg,0,SAFE,benign_nature_visual,449,640,JPEG,train
IMG_JAIL_00131,jailbreak_00131.jpg,vision_detector/dataset/jailbreak/jailbreak_00131.jpg,1,JAILBREAK,terminal_code_injection,512,512,JPEG,test
IMG_SAFE_00493,safe_00493.jpg,vision_detector/dataset/safe/safe_00493.jpg,0,SAFE,benign_nature_visual,500,332,JPEG,test
IMG_SAFE_00268,safe_00268.jpg,vision_detector/dataset/safe/safe_00268.jpg,0,SAFE,benign_nature_visual,479,640,JPEG,val
IMG_SAFE_00046,safe_00046.jpg,vision_detector/dataset/safe/safe_00046.jpg,0,SAFE,benign_nature_visual,640,640,JPEG,train
IMG_JAIL_00555,jailbreak_00555.jpg,vision_detector/dataset/jailbreak/jailbreak_00555.jpg,1,JAILBREAK,terminal_code_injection,512,512,JPEG,train
IMG_JAIL_00316,jailbreak_00316.jpg,vision_detector/dataset/jailbreak/jailbreak_00316.jpg,1,JAILBREAK,system_dialog_injection,512,512,JPEG,test
IMG_SAFE_00036,safe_00036.jpg,vision_detector/dataset/safe/safe_00036.jpg,0,SAFE,benign_nature_visual,480,640,JPEG,val
IMG_JAIL_00585,jailbreak_00585.jpg,vision_detector/dataset/jailbreak/jailbreak_00585.jpg,1,JAILBREAK,scenic_text_overlay,512,512,JPEG,train
IMG_SAFE_00591,safe_00591.jpg,vision_detector/dataset/safe/safe_00591.jpg,0,SAFE,benign_nature_visual,426,640,JPEG,train
IMG_JAIL_00291,jailbreak_00291.jpg,vision_detector/dataset/jailbreak/jailbreak_00291.jpg,1,JAILBREAK,terminal_code_injection,512,512,JPEG,train
IMG_JAIL_00119,jailbreak_00119.jpg,vision_detector/dataset/jailbreak/jailbreak_00119.jpg,1,JAILBREAK,terminal_code_injection,512,512,JPEG,train
IMG_JAIL_00001,jailbreak_00001.jpg,vision_detector/dataset/jailbreak/jailbreak_00001.jpg,1,JAILBREAK,scenic_text_overlay,512,512,JPEG,train
IMG_JAIL_00376,jailbreak_00376.jpg,vision_detector/dataset/jailbreak/jailbreak_00376.jpg,1,JAILBREAK,system_dialog_injection,512,512,JPEG,train
IMG_SAFE_00095,safe_00095.jpg,vision_detector/dataset/safe/safe_00095.jpg,0,SAFE,benign_nature_visual,640,426,JPEG,train
IMG_JAIL_00071,jailbreak_00071.jpg,vision_detector/dataset/jailbreak/jailbreak_00071.jpg,1,JAILBREAK,terminal_code_injection,512,512,JPEG,train
IMG_SAFE_00685,safe_00685.jpg,vision_detector/dataset/safe/safe_00685.jpg,0,SAFE,benign_nature_visual,640,480,JPEG,train
IMG_JAIL_00964,jailbreak_00964.jpg,vision_detector/dataset/jailbreak/jailbreak_00964.jpg,1,JAILBREAK,system_dialog_injection,512,512,JPEG,train
IMG_JAIL_00289,jailbreak_00289.jpg,vision_detector/dataset/jailbreak/jailbreak_00289.jpg,1,JAILBREAK,scenic_text_overlay,512,512,JPEG,test
IMG_JAIL_00467,jailbreak_00467.jpg,vision_detector/dataset/jailbreak/jailbreak_00467.jpg,1,JAILBREAK,terminal_code_injection,512,512,JPEG,test
IMG_JAIL_00922,jailbreak_00922.jpg,vision_detector/dataset/jailbreak/jailbreak_00922.jpg,1,JAILBREAK,high_contrast_typographic,512,512,JPEG,train
IMG_JAIL_00499,jailbreak_00499.jpg,vision_detector/dataset/jailbreak/jailbreak_00499.jpg,1,JAILBREAK,terminal_code_injection,512,512,JPEG,test
IMG_JAIL_00635,jailbreak_00635.jpg,vision_detector/dataset/jailbreak/jailbreak_00635.jpg,1,JAILBREAK,terminal_code_injection,512,512,JPEG,train
IMG_SAFE_00531,safe_00531.jpg,vision_detector/dataset/safe/safe_00531.jpg,0,SAFE,benign_nature_visual,411,640,JPEG,train
IMG_SAFE_00857,safe_00857.jpg,vision_detector/dataset/safe/safe_00857.jpg,0,SAFE,benign_nature_visual,640,480,JPEG,test
IMG_SAFE_00695,safe_00695.jpg,vision_detector/dataset/safe/safe_00695.jpg,0,SAFE,benign_nature_visual,640,480,JPEG,train
IMG_JAIL_00704,jailbreak_00704.jpg,vision_detector/dataset/jailbreak/jailbreak_00704.jpg,1,JAILBREAK,system_dialog_injection,512,512,JPEG,train
IMG_JAIL_00842,jailbreak_00842.jpg,vision_detector/dataset/jailbreak/jailbreak_00842.jpg,1,JAILBREAK,high_contrast_typographic,512,512,JPEG,train
IMG_SAFE_00568,safe_00568.jpg,vision_detector/dataset/safe/safe_00568.jpg,0,SAFE,benign_nature_visual,640,339,JPEG,train
IMG_SAFE_00545,safe_00545.jpg,vision_detector/dataset/safe/safe_00545.jpg,0,SAFE,benign_nature_visual,500,375,JPEG,train
IMG_JAIL_00231,jailbreak_00231.jpg,vision_detector/dataset/jailbreak/jailbreak_00231.jpg,1,JAILBREAK,terminal_code_injection,512,512,JPEG,test
IMG_SAFE_00740,safe_00740.jpg,vision_detector/dataset/safe/safe_00740.jpg,0,SAFE,benign_nature_visual,640,424,JPEG,val
IMG_JAIL_00819,jailbreak_00819.jpg,vision_detector/dataset/jailbreak/jailbreak_00819.jpg,1,JAILBREAK,terminal_code_injection,512,512,JPEG,test
IMG_JAIL_00235,jailbreak_00235.jpg,vision_detector/dataset/jailbreak/jailbreak_00235.jpg,1,JAILBREAK,terminal_code_injection,512,512,JPEG,train
IMG_JAIL_00225,jailbreak_00225.jpg,vision_detector/dataset/jailbreak/jailbreak_00225.jpg,1,JAILBREAK,scenic_text_overlay,512,512,JPEG,val
IMG_SAFE_00823,safe_00823.jpg,vision_detector/dataset/safe/safe_00823.jpg,0,SAFE,benign_nature_visual,640,479,JPEG,train
IMG_JAIL_00864,jailbreak_00864.jpg,vision_detector/dataset/jailbreak/jailbreak_00864.jpg,1,JAILBREAK,system_dialog_injection,512,512,JPEG,train
IMG_JAIL_00476,jailbreak_00476.jpg,vision_detector/dataset/jailbreak/jailbreak_00476.jpg,1,JAILBREAK,system_dialog_injection,512,512,JPEG,test
IMG_SAFE_00455,safe_00455.jpg,vision_detector/dataset/safe/safe_00455.jpg,0,SAFE,benign_nature_visual,640,427,JPEG,test
IMG_SAFE_00647,safe_00647.jpg,vision_detector/dataset/safe/safe_00647.jpg,0,SAFE,benign_nature_visual,640,512,JPEG,test
IMG_SAFE_00643,safe_00643.jpg,vision_detector/dataset/safe/safe_00643.jpg,0,SAFE,benign_nature_visual,640,480,JPEG,val
IMG_SAFE_00928,safe_00928.jpg,vision_detector/dataset/safe/safe_00928.jpg,0,SAFE,benign_nature_visual,640,480,JPEG,train
IMG_SAFE_00269,safe_00269.jpg,vision_detector/dataset/safe/safe_00269.jpg,0,SAFE,benign_nature_visual,500,375,JPEG,train
IMG_JAIL_00032,jailbreak_00032.jpg,vision_detector/dataset/jailbreak/jailbreak_00032.jpg,1,JAILBREAK,system_dialog_injection,512,512,JPEG,train
IMG_JAIL_00424,jailbreak_00424.jpg,vision_detector/dataset/jailbreak/jailbreak_00424.jpg,1,JAILBREAK,system_dialog_injection,512,512,JPEG,train
IMG_JAIL_00904,jailbreak_00904.jpg,vision_detector/dataset/jailbreak/jailbreak_00904.jpg,1,JAILBREAK,system_dialog_injection,512,512,JPEG,train
IMG_JAIL_00768,jailbreak_00768.jpg,vision_detector/dataset/jailbreak/jailbreak_00768.jpg,1,JAILBREAK,system_dialog_injection,512,512,JPEG,train
IMG_JAIL_00971,jailbreak_00971.jpg,vision_detector/dataset/jailbreak/jailbreak_00971.jpg,1,JAILBREAK,terminal_code_injection,512,512,JPEG,train
IMG_SAFE_00360,safe_00360.jpg,vision_detector/dataset/safe/safe_00360.jpg,0,SAFE,benign_nature_visual,640,426,JPEG,train
IMG_JAIL_00658,jailbreak_00658.jpg,vision_detector/dataset/jailbreak/jailbreak_00658.jpg,1,JAILBREAK,high_contrast_typographic,512,512,JPEG,train
IMG_JAIL_00011,jailbreak_00011.jpg,vision_detector/dataset/jailbreak/jailbreak_00011.jpg,1,JAILBREAK,terminal_code_injection,512,512,JPEG,train
IMG_SAFE_00570,safe_00570.jpg,vision_detector/dataset/safe/safe_00570.jpg,0,SAFE,benign_nature_visual,480,640,JPEG,train
IMG_SAFE_00777,safe_00777.jpg,vision_detector/dataset/safe/safe_00777.jpg,0,SAFE,benign_nature_visual,612,612,JPEG,test
IMG_JAIL_00114,jailbreak_00114.jpg,vision_detector/dataset/jailbreak/jailbreak_00114.jpg,1,JAILBREAK,high_contrast_typographic,512,512,JPEG,train
IMG_JAIL_00955,jailbreak_00955.jpg,vision_detector/dataset/jailbreak/jailbreak_00955.jpg,1,JAILBREAK,terminal_code_injection,512,512,JPEG,train
IMG_JAIL_00621,jailbreak_00621.jpg,vision_detector/dataset/jailbreak/jailbreak_00621.jpg,1,JAILBREAK,scenic_text_overlay,512,512,JPEG,train
IMG_JAIL_00329,jailbreak_00329.jpg,vision_detector/dataset/jailbreak/jailbreak_00329.jpg,1,JAILBREAK,scenic_text_overlay,512,512,JPEG,train
IMG_JAIL_00345,jailbreak_00345.jpg,vision_detector/dataset/jailbreak/jailbreak_00345.jpg,1,JAILBREAK,scenic_text_overlay,512,512,JPEG,train
IMG_SAFE_00699,safe_00699.jpg,vision_detector/dataset/safe/safe_00699.jpg,0,SAFE,benign_nature_visual,640,439,JPEG,val
IMG_SAFE_00162,safe_00162.jpg,vision_detector/dataset/safe/safe_00162.jpg,0,SAFE,benign_nature_visual,426,640,JPEG,test
IMG_JAIL_00208,jailbreak_00208.jpg,vision_detector/dataset/jailbreak/jailbreak_00208.jpg,1,JAILBREAK,system_dialog_injection,512,512,JPEG,train
IMG_JAIL_00837,jailbreak_00837.jpg,vision_detector/dataset/jailbreak/jailbreak_00837.jpg,1,JAILBREAK,scenic_text_overlay,512,512,JPEG,train
IMG_SAFE_00982,safe_00982.jpg,vision_detector/dataset/safe/safe_00982.jpg,0,SAFE,benign_nature_visual,640,427,JPEG,val
IMG_SAFE_00607,safe_00607.jpg,vision_detector/dataset/safe/safe_00607.jpg,0,SAFE,benign_nature_visual,640,640,JPEG,train
IMG_JAIL_00021,jailbreak_00021.jpg,vision_detector/dataset/jailbreak/jailbreak_00021.jpg,1,JAILBREAK,scenic_text_overlay,512,512,JPEG,test
IMG_JAIL_00264,jailbreak_00264.jpg,vision_detector/dataset/jailbreak/jailbreak_00264.jpg,1,JAILBREAK,system_dialog_injection,512,512,JPEG,train
IMG_JAIL_00484,jailbreak_00484.jpg,vision_detector/dataset/jailbreak/jailbreak_00484.jpg,1,JAILBREAK,system_dialog_injection,512,512,JPEG,train
IMG_JAIL_00812,jailbreak_00812.jpg,vision_detector/dataset/jailbreak/jailbreak_00812.jpg,1,JAILBREAK,system_dialog_injection,512,512,JPEG,train
IMG_SAFE_00101,safe_00101.jpg,vision_detector/dataset/safe/safe_00101.jpg,0,SAFE,benign_nature_visual,640,415,JPEG,train
IMG_JAIL_00080,jailbreak_00080.jpg,vision_detector/dataset/jailbreak/jailbreak_00080.jpg,1,JAILBREAK,system_dialog_injection,512,512,JPEG,train
IMG_SAFE_00604,safe_00604.jpg,vision_detector/dataset/safe/safe_00604.jpg,0,SAFE,benign_nature_visual,500,333,JPEG,train
IMG_JAIL_00574,jailbreak_00574.jpg,vision_detector/dataset/jailbreak/jailbreak_00574.jpg,1,JAILBREAK,high_contrast_typographic,512,512,JPEG,val
IMG_SAFE_00327,safe_00327.jpg,vision_detector/dataset/safe/safe_00327.jpg,0,SAFE,benign_nature_visual,640,480,JPEG,train
IMG_JAIL_00529,jailbreak_00529.jpg,vision_detector/dataset/jailbreak/jailbreak_00529.jpg,1,JAILBREAK,scenic_text_overlay,512,512,JPEG,train
IMG_SAFE_00232,safe_00232.jpg,vision_detector/dataset/safe/safe_00232.jpg,0,SAFE,benign_nature_visual,640,516,JPEG,train
IMG_SAFE_00474,safe_00474.jpg,vision_detector/dataset/safe/safe_00474.jpg,0,SAFE,benign_nature_visual,500,332,JPEG,train
IMG_JAIL_00139,jailbreak_00139.jpg,vision_detector/dataset/jailbreak/jailbreak_00139.jpg,1,JAILBREAK,terminal_code_injection,512,512,JPEG,test
IMG_JAIL_00655,jailbreak_00655.jpg,vision_detector/dataset/jailbreak/jailbreak_00655.jpg,1,JAILBREAK,terminal_code_injection,512,512,JPEG,val
IMG_SAFE_00496,safe_00496.jpg,vision_detector/dataset/safe/safe_00496.jpg,0,SAFE,benign_nature_visual,640,478,JPEG,train
IMG_JAIL_00501,jailbreak_00501.jpg,vision_detector/dataset/jailbreak/jailbreak_00501.jpg,1,JAILBREAK,scenic_text_overlay,512,512,JPEG,train
IMG_JAIL_00196,jailbreak_00196.jpg,vision_detector/dataset/jailbreak/jailbreak_00196.jpg,1,JAILBREAK,system_dialog_injection,512,512,JPEG,train
IMG_SAFE_00222,safe_00222.jpg,vision_detector/dataset/safe/safe_00222.jpg,0,SAFE,benign_nature_visual,640,427,JPEG,train
IMG_SAFE_00481,safe_00481.jpg,vision_detector/dataset/safe/safe_00481.jpg,0,SAFE,benign_nature_visual,640,427,JPEG,train
IMG_JAIL_00561,jailbreak_00561.jpg,vision_detector/dataset/jailbreak/jailbreak_00561.jpg,1,JAILBREAK,scenic_text_overlay,512,512,JPEG,test
IMG_JAIL_00773,jailbreak_00773.jpg,vision_detector/dataset/jailbreak/jailbreak_00773.jpg,1,JAILBREAK,scenic_text_overlay,512,512,JPEG,test
IMG_JAIL_00945,jailbreak_00945.jpg,vision_detector/dataset/jailbreak/jailbreak_00945.jpg,1,JAILBREAK,scenic_text_overlay,512,512,JPEG,val
IMG_SAFE_00451,safe_00451.jpg,vision_detector/dataset/safe/safe_00451.jpg,0,SAFE,benign_nature_visual,640,480,JPEG,train
IMG_SAFE_00961,safe_00961.jpg,vision_detector/dataset/safe/safe_00961.jpg,0,SAFE,benign_nature_visual,640,480,JPEG,train
IMG_JAIL_00669,jailbreak_00669.jpg,vision_detector/dataset/jailbreak/jailbreak_00669.jpg,1,JAILBREAK,scenic_text_overlay,512,512,JPEG,train
IMG_JAIL_00426,jailbreak_00426.jpg,vision_detector/dataset/jailbreak/jailbreak_00426.jpg,1,JAILBREAK,high_contrast_typographic,512,512,JPEG,train
IMG_JAIL_00516,jailbreak_00516.jpg,vision_detector/dataset/jailbreak/jailbreak_00516.jpg,1,JAILBREAK,system_dialog_injection,512,512,JPEG,train
IMG_JAIL_00665,jailbreak_00665.jpg,vision_detector/dataset/jailbreak/jailbreak_00665.jpg,1,JAILBREAK,scenic_text_overlay,512,512,JPEG,train
IMG_JAIL_00159,jailbreak_00159.jpg,vision_detector/dataset/jailbreak/jailbreak_00159.jpg,1,JAILBREAK,terminal_code_injection,512,512,JPEG,train
IMG_JAIL_00238,jailbreak_00238.jpg,vision_detector/dataset/jailbreak/jailbreak_00238.jpg,1,JAILBREAK,high_contrast_typographic,512,512,JPEG,train
IMG_JAIL_00859,jailbreak_00859.jpg,vision_detector/dataset/jailbreak/jailbreak_00859.jpg,1,JAILBREAK,terminal_code_injection,512,512,JPEG,train
IMG_SAFE_00535,safe_00535.jpg,vision_detector/dataset/safe/safe_00535.jpg,0,SAFE,benign_nature_visual,552,346,JPEG,train
IMG_JAIL_00287,jailbreak_00287.jpg,vision_detector/dataset/jailbreak/jailbreak_00287.jpg,1,JAILBREAK,terminal_code_injection,512,512,JPEG,train
IMG_JAIL_00701,jailbreak_00701.jpg,vision_detector/dataset/jailbreak/jailbreak_00701.jpg,1,JAILBREAK,scenic_text_overlay,512,512,JPEG,test
IMG_SAFE_00862,safe_00862.jpg,vision_detector/dataset/safe/safe_00862.jpg,0,SAFE,benign_nature_visual,500,333,JPEG,train
IMG_SAFE_00016,safe_00016.jpg,vision_detector/dataset/safe/safe_00016.jpg,0,SAFE,benign_nature_visual,640,481,JPEG,train
IMG_SAFE_00067,safe_00067.jpg,vision_detector/dataset/safe/safe_00067.jpg,0,SAFE,benign_nature_visual,425,640,JPEG,train
IMG_SAFE_00002,safe_00002.jpg,vision_detector/dataset/safe/safe_00002.jpg,0,SAFE,benign_nature_visual,640,407,JPEG,test
IMG_JAIL_00762,jailbreak_00762.jpg,vision_detector/dataset/jailbreak/jailbreak_00762.jpg,1,JAILBREAK,high_contrast_typographic,512,512,JPEG,train
IMG_SAFE_00239,safe_00239.jpg,vision_detector/dataset/safe/safe_00239.jpg,0,SAFE,benign_nature_visual,375,500,JPEG,train
IMG_JAIL_00948,jailbreak_00948.jpg,vision_detector/dataset/jailbreak/jailbreak_00948.jpg,1,JAILBREAK,system_dialog_injection,512,512,JPEG,train
IMG_JAIL_00254,jailbreak_00254.jpg,vision_detector/dataset/jailbreak/jailbreak_00254.jpg,1,JAILBREAK,high_contrast_typographic,512,512,JPEG,train
IMG_SAFE_00319,safe_00319.jpg,vision_detector/dataset/safe/safe_00319.jpg,0,SAFE,benign_nature_visual,640,427,JPEG,train
IMG_JAIL_00404,jailbreak_00404.jpg,vision_detector/dataset/jailbreak/jailbreak_00404.jpg,1,JAILBREAK,system_dialog_injection,512,512,JPEG,train
IMG_SAFE_00134,safe_00134.jpg,vision_detector/dataset/safe/safe_00134.jpg,0,SAFE,benign_nature_visual,640,413,JPEG,train
IMG_SAFE_00627,safe_00627.jpg,vision_detector/dataset/safe/safe_00627.jpg,0,SAFE,benign_nature_visual,640,480,JPEG,train
IMG_SAFE_00642,safe_00642.jpg,vision_detector/dataset/safe/safe_00642.jpg,0,SAFE,benign_nature_visual,448,336,JPEG,val
IMG_JAIL_00058,jailbreak_00058.jpg,vision_detector/dataset/jailbreak/jailbreak_00058.jpg,1,JAILBREAK,high_contrast_typographic,512,512,JPEG,train
IMG_SAFE_00390,safe_00390.jpg,vision_detector/dataset/safe/safe_00390.jpg,0,SAFE,benign_nature_visual,640,373,JPEG,test
IMG_SAFE_00521,safe_00521.jpg,vision_detector/dataset/safe/safe_00521.jpg,0,SAFE,benign_nature_visual,480,640,JPEG,test
IMG_SAFE_00874,safe_00874.jpg,vision_detector/dataset/safe/safe_00874.jpg,0,SAFE,benign_nature_visual,480,640,JPEG,train
IMG_SAFE_00877,safe_00877.jpg,vision_detector/dataset/safe/safe_00877.jpg,0,SAFE,benign_nature_visual,640,480,JPEG,train
IMG_JAIL_00612,jailbreak_00612.jpg,vision_detector/dataset/jailbreak/jailbreak_00612.jpg,1,JAILBREAK,system_dialog_injection,512,512,JPEG,train
IMG_SAFE_00450,safe_00450.jpg,vision_detector/dataset/safe/safe_00450.jpg,0,SAFE,benign_nature_visual,640,480,JPEG,train
IMG_SAFE_00244,safe_00244.jpg,vision_detector/dataset/safe/safe_00244.jpg,0,SAFE,benign_nature_visual,640,428,JPEG,test
IMG_JAIL_00088,jailbreak_00088.jpg,vision_detector/dataset/jailbreak/jailbreak_00088.jpg,1,JAILBREAK,system_dialog_injection,512,512,JPEG,test
IMG_JAIL_00389,jailbreak_00389.jpg,vision_detector/dataset/jailbreak/jailbreak_00389.jpg,1,JAILBREAK,scenic_text_overlay,512,512,JPEG,train
IMG_JAIL_00811,jailbreak_00811.jpg,vision_detector/dataset/jailbreak/jailbreak_00811.jpg,1,JAILBREAK,terminal_code_injection,512,512,JPEG,train
IMG_SAFE_00489,safe_00489.jpg,vision_detector/dataset/safe/safe_00489.jpg,0,SAFE,benign_nature_visual,640,480,JPEG,val
IMG_JAIL_00123,jailbreak_00123.jpg,vision_detector/dataset/jailbreak/jailbreak_00123.jpg,1,JAILBREAK,terminal_code_injection,512,512,JPEG,val
IMG_JAIL_00641,jailbreak_00641.jpg,vision_detector/dataset/jailbreak/jailbreak_00641.jpg,1,JAILBREAK,scenic_text_overlay,512,512,JPEG,val
IMG_JAIL_00941,jailbreak_00941.jpg,vision_detector/dataset/jailbreak/jailbreak_00941.jpg,1,JAILBREAK,scenic_text_overlay,512,512,JPEG,train
IMG_JAIL_00744,jailbreak_00744.jpg,vision_detector/dataset/jailbreak/jailbreak_00744.jpg,1,JAILBREAK,system_dialog_injection,512,512,JPEG,train
IMG_JAIL_00731,jailbreak_00731.jpg,vision_detector/dataset/jailbreak/jailbreak_00731.jpg,1,JAILBREAK,terminal_code_injection,512,512,JPEG,train
IMG_JAIL_00695,jailbreak_00695.jpg,vision_detector/dataset/jailbreak/jailbreak_00695.jpg,1,JAILBREAK,terminal_code_injection,512,512,JPEG,train
IMG_JAIL_00195,jailbreak_00195.jpg,vision_detector/dataset/jailbreak/jailbreak_00195.jpg,1,JAILBREAK,terminal_code_injection,512,512,JPEG,train
IMG_SAFE_00486,safe_00486.jpg,vision_detector/dataset/safe/safe_00486.jpg,0,SAFE,benign_nature_visual,640,480,JPEG,train
IMG_SAFE_00971,safe_00971.jpg,vision_detector/dataset/safe/safe_00971.jpg,0,SAFE,benign_nature_visual,334,500,JPEG,train
IMG_SAFE_00411,safe_00411.jpg,vision_detector/dataset/safe/safe_00411.jpg,0,SAFE,benign_nature_visual,640,480,JPEG,val
IMG_JAIL_00715,jailbreak_00715.jpg,vision_detector/dataset/jailbreak/jailbreak_00715.jpg,1,JAILBREAK,terminal_code_injection,512,512,JPEG,train
IMG_JAIL_00306,jailbreak_00306.jpg,vision_detector/dataset/jailbreak/jailbreak_00306.jpg,1,JAILBREAK,high_contrast_typographic,512,512,JPEG,train
IMG_JAIL_00226,jailbreak_00226.jpg,vision_detector/dataset/jailbreak/jailbreak_00226.jpg,1,JAILBREAK,high_contrast_typographic,512,512,JPEG,train
IMG_SAFE_00260,safe_00260.jpg,vision_detector/dataset/safe/safe_00260.jpg,0,SAFE,benign_nature_visual,640,427,JPEG,train
IMG_JAIL_00303,jailbreak_00303.jpg,vision_detector/dataset/jailbreak/jailbreak_00303.jpg,1,JAILBREAK,terminal_code_injection,512,512,JPEG,train
IMG_SAFE_00887,safe_00887.jpg,vision_detector/dataset/safe/safe_00887.jpg,0,SAFE,benign_nature_visual,640,400,JPEG,val
IMG_SAFE_00999,safe_00999.jpg,vision_detector/dataset/safe/safe_00999.jpg,0,SAFE,benign_nature_visual,480,640,JPEG,train
IMG_JAIL_00188,jailbreak_00188.jpg,vision_detector/dataset/jailbreak/jailbreak_00188.jpg,1,JAILBREAK,system_dialog_injection,512,512,JPEG,test
IMG_JAIL_00832,jailbreak_00832.jpg,vision_detector/dataset/jailbreak/jailbreak_00832.jpg,1,JAILBREAK,system_dialog_injection,512,512,JPEG,test
IMG_SAFE_00670,safe_00670.jpg,vision_detector/dataset/safe/safe_00670.jpg,0,SAFE,benign_nature_visual,500,333,JPEG,train
IMG_JAIL_00393,jailbreak_00393.jpg,vision_detector/dataset/jailbreak/jailbreak_00393.jpg,1,JAILBREAK,scenic_text_overlay,512,512,JPEG,val
IMG_SAFE_00024,safe_00024.jpg,vision_detector/dataset/safe/safe_00024.jpg,0,SAFE,benign_nature_visual,332,500,JPEG,train
IMG_JAIL_00178,jailbreak_00178.jpg,vision_detector/dataset/jailbreak/jailbreak_00178.jpg,1,JAILBREAK,high_contrast_typographic,512,512,JPEG,train
IMG_SAFE_00966,safe_00966.jpg,vision_detector/dataset/safe/safe_00966.jpg,0,SAFE,benign_nature_visual,640,478,JPEG,train
IMG_SAFE_00404,safe_00404.jpg,vision_detector/dataset/safe/safe_00404.jpg,0,SAFE,benign_nature_visual,640,360,JPEG,train
IMG_SAFE_00735,safe_00735.jpg,vision_detector/dataset/safe/safe_00735.jpg,0,SAFE,benign_nature_visual,640,569,JPEG,train
IMG_SAFE_00817,safe_00817.jpg,vision_detector/dataset/safe/safe_00817.jpg,0,SAFE,benign_nature_visual,640,426,JPEG,train
IMG_SAFE_00872,safe_00872.jpg,vision_detector/dataset/safe/safe_00872.jpg,0,SAFE,benign_nature_visual,640,399,JPEG,test
IMG_JAIL_00905,jailbreak_00905.jpg,vision_detector/dataset/jailbreak/jailbreak_00905.jpg,1,JAILBREAK,scenic_text_overlay,512,512,JPEG,train
IMG_SAFE_00103,safe_00103.jpg,vision_detector/dataset/safe/safe_00103.jpg,0,SAFE,benign_nature_visual,640,480,JPEG,test
IMG_SAFE_00487,safe_00487.jpg,vision_detector/dataset/safe/safe_00487.jpg,0,SAFE,benign_nature_visual,500,375,JPEG,train
IMG_SAFE_00633,safe_00633.jpg,vision_detector/dataset/safe/safe_00633.jpg,0,SAFE,benign_nature_visual,500,375,JPEG,val
IMG_SAFE_00176,safe_00176.jpg,vision_detector/dataset/safe/safe_00176.jpg,0,SAFE,benign_nature_visual,334,500,JPEG,train
IMG_JAIL_00350,jailbreak_00350.jpg,vision_detector/dataset/jailbreak/jailbreak_00350.jpg,1,JAILBREAK,high_contrast_typographic,512,512,JPEG,train
IMG_SAFE_00762,safe_00762.jpg,vision_detector/dataset/safe/safe_00762.jpg,0,SAFE,benign_nature_visual,480,640,JPEG,train
IMG_SAFE_00569,safe_00569.jpg,vision_detector/dataset/safe/safe_00569.jpg,0,SAFE,benign_nature_visual,640,446,JPEG,train
IMG_JAIL_00126,jailbreak_00126.jpg,vision_detector/dataset/jailbreak/jailbreak_00126.jpg,1,JAILBREAK,high_contrast_typographic,512,512,JPEG,train
IMG_SAFE_00718,safe_00718.jpg,vision_detector/dataset/safe/safe_00718.jpg,0,SAFE,benign_nature_visual,500,400,JPEG,train
IMG_JAIL_00791,jailbreak_00791.jpg,vision_detector/dataset/jailbreak/jailbreak_00791.jpg,1,JAILBREAK,terminal_code_injection,512,512,JPEG,train
IMG_SAFE_00639,safe_00639.jpg,vision_detector/dataset/safe/safe_00639.jpg,0,SAFE,benign_nature_visual,640,427,JPEG,train
IMG_JAIL_00752,jailbreak_00752.jpg,vision_detector/dataset/jailbreak/jailbreak_00752.jpg,1,JAILBREAK,system_dialog_injection,512,512,JPEG,train
IMG_JAIL_00729,jailbreak_00729.jpg,vision_detector/dataset/jailbreak/jailbreak_00729.jpg,1,JAILBREAK,scenic_text_overlay,512,512,JPEG,train
IMG_SAFE_00420,safe_00420.jpg,vision_detector/dataset/safe/safe_00420.jpg,0,SAFE,benign_nature_visual,640,479,JPEG,train
IMG_SAFE_00140,safe_00140.jpg,vision_detector/dataset/safe/safe_00140.jpg,0,SAFE,benign_nature_visual,640,402,JPEG,train
IMG_SAFE_00841,safe_00841.jpg,vision_detector/dataset/safe/safe_00841.jpg,0,SAFE,benign_nature_visual,640,480,JPEG,test
IMG_SAFE_00610,safe_00610.jpg,vision_detector/dataset/safe/safe_00610.jpg,0,SAFE,benign_nature_visual,640,627,JPEG,val
IMG_SAFE_00072,safe_00072.jpg,vision_detector/dataset/safe/safe_00072.jpg,0,SAFE,benign_nature_visual,640,480,JPEG,test
IMG_SAFE_00656,safe_00656.jpg,vision_detector/dataset/safe/safe_00656.jpg,0,SAFE,benign_nature_visual,640,603,JPEG,train
IMG_SAFE_00891,safe_00891.jpg,vision_detector/dataset/safe/safe_00891.jpg,0,SAFE,benign_nature_visual,640,480,JPEG,val
IMG_SAFE_00343,safe_00343.jpg,vision_detector/dataset/safe/safe_00343.jpg,0,SAFE,benign_nature_visual,640,325,JPEG,train
IMG_SAFE_00196,safe_00196.jpg,vision_detector/dataset/safe/safe_00196.jpg,0,SAFE,benign_nature_visual,640,480,JPEG,train
IMG_JAIL_00986,jailbreak_00986.jpg,vision_detector/dataset/jailbreak/jailbreak_00986.jpg,1,JAILBREAK,high_contrast_typographic,512,512,JPEG,train
IMG_SAFE_00789,safe_00789.jpg,vision_detector/dataset/safe/safe_00789.jpg,0,SAFE,benign_nature_visual,640,427,JPEG,val
IMG_JAIL_00400,jailbreak_00400.jpg,vision_detector/dataset/jailbreak/jailbreak_00400.jpg,1,JAILBREAK,system_dialog_injection,512,512,JPEG,train
IMG_JAIL_00750,jailbreak_00750.jpg,vision_detector/dataset/jailbreak/jailbreak_00750.jpg,1,JAILBREAK,high_contrast_typographic,512,512,JPEG,train
IMG_SAFE_00405,safe_00405.jpg,vision_detector/dataset/safe/safe_00405.jpg,0,SAFE,benign_nature_visual,640,480,JPEG,train
IMG_SAFE_00516,safe_00516.jpg,vision_detector/dataset/safe/safe_00516.jpg,0,SAFE,benign_nature_visual,480,640,JPEG,train
IMG_SAFE_00245,safe_00245.jpg,vision_detector/dataset/safe/safe_00245.jpg,0,SAFE,benign_nature_visual,500,375,JPEG,train
IMG_JAIL_00568,jailbreak_00568.jpg,vision_detector/dataset/jailbreak/jailbreak_00568.jpg,1,JAILBREAK,system_dialog_injection,512,512,JPEG,train
IMG_SAFE_00424,safe_00424.jpg,vision_detector/dataset/safe/safe_00424.jpg,0,SAFE,benign_nature_visual,640,361,JPEG,train
IMG_SAFE_00068,safe_00068.jpg,vision_detector/dataset/safe/safe_00068.jpg,0,SAFE,benign_nature_visual,640,427,JPEG,train
IMG_SAFE_00440,safe_00440.jpg,vision_detector/dataset/safe/safe_00440.jpg,0,SAFE,benign_nature_visual,640,480,JPEG,train
IMG_SAFE_00526,safe_00526.jpg,vision_detector/dataset/safe/safe_00526.jpg,0,SAFE,benign_nature_visual,640,480,JPEG,train
IMG_SAFE_00463,safe_00463.jpg,vision_detector/dataset/safe/safe_00463.jpg,0,SAFE,benign_nature_visual,640,427,JPEG,train
IMG_SAFE_00318,safe_00318.jpg,vision_detector/dataset/safe/safe_00318.jpg,0,SAFE,benign_nature_visual,500,333,JPEG,val
IMG_JAIL_00334,jailbreak_00334.jpg,vision_detector/dataset/jailbreak/jailbreak_00334.jpg,1,JAILBREAK,high_contrast_typographic,512,512,JPEG,train
IMG_JAIL_00030,jailbreak_00030.jpg,vision_detector/dataset/jailbreak/jailbreak_00030.jpg,1,JAILBREAK,high_contrast_typographic,512,512,JPEG,train
IMG_JAIL_00540,jailbreak_00540.jpg,vision_detector/dataset/jailbreak/jailbreak_00540.jpg,1,JAILBREAK,system_dialog_injection,512,512,JPEG,train
IMG_JAIL_00696,jailbreak_00696.jpg,vision_detector/dataset/jailbreak/jailbreak_00696.jpg,1,JAILBREAK,system_dialog_injection,512,512,JPEG,train
IMG_JAIL_00953,jailbreak_00953.jpg,vision_detector/dataset/jailbreak/jailbreak_00953.jpg,1,JAILBREAK,scenic_text_overlay,512,512,JPEG,train
IMG_SAFE_00681,safe_00681.jpg,vision_detector/dataset/safe/safe_00681.jpg,0,SAFE,benign_nature_visual,316,500,JPEG,train
IMG_JAIL_00608,jailbreak_00608.jpg,vision_detector/dataset/jailbreak/jailbreak_00608.jpg,1,JAILBREAK,system_dialog_injection,512,512,JPEG,val
IMG_SAFE_00678,safe_00678.jpg,vision_detector/dataset/safe/safe_00678.jpg,0,SAFE,benign_nature_visual,640,478,JPEG,train
IMG_JAIL_00602,jailbreak_00602.jpg,vision_detector/dataset/jailbreak/jailbreak_00602.jpg,1,JAILBREAK,high_contrast_typographic,512,512,JPEG,train
IMG_JAIL_00510,jailbreak_00510.jpg,vision_detector/dataset/jailbreak/jailbreak_00510.jpg,1,JAILBREAK,high_contrast_typographic,512,512,JPEG,val
IMG_SAFE_00876,safe_00876.jpg,vision_detector/dataset/safe/safe_00876.jpg,0,SAFE,benign_nature_visual,460,640,JPEG,test
IMG_JAIL_00229,jailbreak_00229.jpg,vision_detector/dataset/jailbreak/jailbreak_00229.jpg,1,JAILBREAK,scenic_text_overlay,512,512,JPEG,train
IMG_JAIL_00046,jailbreak_00046.jpg,vision_detector/dataset/jailbreak/jailbreak_00046.jpg,1,JAILBREAK,high_contrast_typographic,512,512,JPEG,train
IMG_SAFE_00631,safe_00631.jpg,vision_detector/dataset/safe/safe_00631.jpg,0,SAFE,benign_nature_visual,640,481,JPEG,train
IMG_SAFE_00553,safe_00553.jpg,vision_detector/dataset/safe/safe_00553.jpg,0,SAFE,benign_nature_visual,640,480,JPEG,train
IMG_JAIL_00133,jailbreak_00133.jpg,vision_detector/dataset/jailbreak/jailbreak_00133.jpg,1,JAILBREAK,scenic_text_overlay,512,512,JPEG,train
IMG_JAIL_00475,jailbreak_00475.jpg,vision_detector/dataset/jailbreak/jailbreak_00475.jpg,1,JAILBREAK,terminal_code_injection,512,512,JPEG,test
IMG_JAIL_00571,jailbreak_00571.jpg,vision_detector/dataset/jailbreak/jailbreak_00571.jpg,1,JAILBREAK,terminal_code_injection,512,512,JPEG,train
IMG_JAIL_00386,jailbreak_00386.jpg,vision_detector/dataset/jailbreak/jailbreak_00386.jpg,1,JAILBREAK,high_contrast_typographic,512,512,JPEG,test
IMG_JAIL_00573,jailbreak_00573.jpg,vision_detector/dataset/jailbreak/jailbreak_00573.jpg,1,JAILBREAK,scenic_text_overlay,512,512,JPEG,train
IMG_SAFE_00128,safe_00128.jpg,vision_detector/dataset/safe/safe_00128.jpg,0,SAFE,benign_nature_visual,500,272,JPEG,train
IMG_JAIL_00798,jailbreak_00798.jpg,vision_detector/dataset/jailbreak/jailbreak_00798.jpg,1,JAILBREAK,high_contrast_typographic,512,512,JPEG,train
IMG_SAFE_00800,safe_00800.jpg,vision_detector/dataset/safe/safe_00800.jpg,0,SAFE,benign_nature_visual,427,640,JPEG,train
IMG_JAIL_00707,jailbreak_00707.jpg,vision_detector/dataset/jailbreak/jailbreak_00707.jpg,1,JAILBREAK,terminal_code_injection,512,512,JPEG,train
IMG_JAIL_00867,jailbreak_00867.jpg,vision_detector/dataset/jailbreak/jailbreak_00867.jpg,1,JAILBREAK,terminal_code_injection,512,512,JPEG,train
IMG_JAIL_00989,jailbreak_00989.jpg,vision_detector/dataset/jailbreak/jailbreak_00989.jpg,1,JAILBREAK,scenic_text_overlay,512,512,JPEG,train
IMG_SAFE_00582,safe_00582.jpg,vision_detector/dataset/safe/safe_00582.jpg,0,SAFE,benign_nature_visual,640,425,JPEG,train
IMG_SAFE_00013,safe_00013.jpg,vision_detector/dataset/safe/safe_00013.jpg,0,SAFE,benign_nature_visual,427,640,JPEG,train
IMG_JAIL_00456,jailbreak_00456.jpg,vision_detector/dataset/jailbreak/jailbreak_00456.jpg,1,JAILBREAK,system_dialog_injection,512,512,JPEG,test
IMG_JAIL_00712,jailbreak_00712.jpg,vision_detector/dataset/jailbreak/jailbreak_00712.jpg,1,JAILBREAK,system_dialog_injection,512,512,JPEG,train
IMG_SAFE_00935,safe_00935.jpg,vision_detector/dataset/safe/safe_00935.jpg,0,SAFE,benign_nature_visual,640,361,JPEG,train
IMG_SAFE_00286,safe_00286.jpg,vision_detector/dataset/safe/safe_00286.jpg,0,SAFE,benign_nature_visual,500,400,JPEG,train
IMG_SAFE_00153,safe_00153.jpg,vision_detector/dataset/safe/safe_00153.jpg,0,SAFE,benign_nature_visual,333,500,JPEG,train
IMG_SAFE_00170,safe_00170.jpg,vision_detector/dataset/safe/safe_00170.jpg,0,SAFE,benign_nature_visual,453,640,JPEG,train
IMG_SAFE_00676,safe_00676.jpg,vision_detector/dataset/safe/safe_00676.jpg,0,SAFE,benign_nature_visual,640,425,JPEG,train
IMG_SAFE_00662,safe_00662.jpg,vision_detector/dataset/safe/safe_00662.jpg,0,SAFE,benign_nature_visual,640,332,JPEG,test
IMG_SAFE_00671,safe_00671.jpg,vision_detector/dataset/safe/safe_00671.jpg,0,SAFE,benign_nature_visual,425,640,JPEG,train
IMG_JAIL_00136,jailbreak_00136.jpg,vision_detector/dataset/jailbreak/jailbreak_00136.jpg,1,JAILBREAK,system_dialog_injection,512,512,JPEG,train
IMG_SAFE_00158,safe_00158.jpg,vision_detector/dataset/safe/safe_00158.jpg,0,SAFE,benign_nature_visual,506,640,JPEG,train
IMG_SAFE_00096,safe_00096.jpg,vision_detector/dataset/safe/safe_00096.jpg,0,SAFE,benign_nature_visual,640,425,JPEG,val
IMG_JAIL_00657,jailbreak_00657.jpg,vision_detector/dataset/jailbreak/jailbreak_00657.jpg,1,JAILBREAK,scenic_text_overlay,512,512,JPEG,train
IMG_SAFE_00687,safe_00687.jpg,vision_detector/dataset/safe/safe_00687.jpg,0,SAFE,benign_nature_visual,640,480,JPEG,test
IMG_JAIL_00716,jailbreak_00716.jpg,vision_detector/dataset/jailbreak/jailbreak_00716.jpg,1,JAILBREAK,system_dialog_injection,512,512,JPEG,train
IMG_JAIL_00547,jailbreak_00547.jpg,vision_detector/dataset/jailbreak/jailbreak_00547.jpg,1,JAILBREAK,terminal_code_injection,512,512,JPEG,val
IMG_SAFE_00776,safe_00776.jpg,vision_detector/dataset/safe/safe_00776.jpg,0,SAFE,benign_nature_visual,640,480,JPEG,test
IMG_JAIL_00742,jailbreak_00742.jpg,vision_detector/dataset/jailbreak/jailbreak_00742.jpg,1,JAILBREAK,high_contrast_typographic,512,512,JPEG,train
IMG_SAFE_00936,safe_00936.jpg,vision_detector/dataset/safe/safe_00936.jpg,0,SAFE,benign_nature_visual,500,367,JPEG,train
IMG_SAFE_00314,safe_00314.jpg,vision_detector/dataset/safe/safe_00314.jpg,0,SAFE,benign_nature_visual,500,301,JPEG,test
IMG_SAFE_00114,safe_00114.jpg,vision_detector/dataset/safe/safe_00114.jpg,0,SAFE,benign_nature_visual,480,640,JPEG,train
IMG_JAIL_00483,jailbreak_00483.jpg,vision_detector/dataset/jailbreak/jailbreak_00483.jpg,1,JAILBREAK,terminal_code_injection,512,512,JPEG,train
IMG_JAIL_00255,jailbreak_00255.jpg,vision_detector/dataset/jailbreak/jailbreak_00255.jpg,1,JAILBREAK,terminal_code_injection,512,512,JPEG,train
IMG_SAFE_00074,safe_00074.jpg,vision_detector/dataset/safe/safe_00074.jpg,0,SAFE,benign_nature_visual,640,480,JPEG,train
IMG_SAFE_00646,safe_00646.jpg,vision_detector/dataset/safe/safe_00646.jpg,0,SAFE,benign_nature_visual,640,360,JPEG,val
IMG_JAIL_00937,jailbreak_00937.jpg,vision_detector/dataset/jailbreak/jailbreak_00937.jpg,1,JAILBREAK,scenic_text_overlay,512,512,JPEG,train
IMG_SAFE_00645,safe_00645.jpg,vision_detector/dataset/safe/safe_00645.jpg,0,SAFE,benign_nature_visual,640,427,JPEG,train
IMG_SAFE_00584,safe_00584.jpg,vision_detector/dataset/safe/safe_00584.jpg,0,SAFE,benign_nature_visual,427,640,JPEG,train
IMG_JAIL_00107,jailbreak_00107.jpg,vision_detector/dataset/jailbreak/jailbreak_00107.jpg,1,JAILBREAK,terminal_code_injection,512,512,JPEG,test
IMG_SAFE_00613,safe_00613.jpg,vision_detector/dataset/safe/safe_00613.jpg,0,SAFE,benign_nature_visual,480,640,JPEG,val
IMG_SAFE_00132,safe_00132.jpg,vision_detector/dataset/safe/safe_00132.jpg,0,SAFE,benign_nature_visual,640,282,JPEG,train
IMG_JAIL_00980,jailbreak_00980.jpg,vision_detector/dataset/jailbreak/jailbreak_00980.jpg,1,JAILBREAK,system_dialog_injection,512,512,JPEG,train
IMG_SAFE_00763,safe_00763.jpg,vision_detector/dataset/safe/safe_00763.jpg,0,SAFE,benign_nature_visual,640,425,JPEG,train
IMG_SAFE_00655,safe_00655.jpg,vision_detector/dataset/safe/safe_00655.jpg,0,SAFE,benign_nature_visual,427,640,JPEG,val
IMG_JAIL_00659,jailbreak_00659.jpg,vision_detector/dataset/jailbreak/jailbreak_00659.jpg,1,JAILBREAK,terminal_code_injection,512,512,JPEG,train
IMG_SAFE_00825,safe_00825.jpg,vision_detector/dataset/safe/safe_00825.jpg,0,SAFE,benign_nature_visual,640,480,JPEG,train
IMG_JAIL_00757,jailbreak_00757.jpg,vision_detector/dataset/jailbreak/jailbreak_00757.jpg,1,JAILBREAK,scenic_text_overlay,512,512,JPEG,train
IMG_SAFE_00045,safe_00045.jpg,vision_detector/dataset/safe/safe_00045.jpg,0,SAFE,benign_nature_visual,427,640,JPEG,train
IMG_JAIL_00414,jailbreak_00414.jpg,vision_detector/dataset/jailbreak/jailbreak_00414.jpg,1,JAILBREAK,high_contrast_typographic,512,512,JPEG,test
IMG_JAIL_00533,jailbreak_00533.jpg,vision_detector/dataset/jailbreak/jailbreak_00533.jpg,1,JAILBREAK,scenic_text_overlay,512,512,JPEG,train
IMG_JAIL_00804,jailbreak_00804.jpg,vision_detector/dataset/jailbreak/jailbreak_00804.jpg,1,JAILBREAK,system_dialog_injection,512,512,JPEG,val
IMG_JAIL_00354,jailbreak_00354.jpg,vision_detector/dataset/jailbreak/jailbreak_00354.jpg,1,JAILBREAK,high_contrast_typographic,512,512,JPEG,train
IMG_JAIL_00671,jailbreak_00671.jpg,vision_detector/dataset/jailbreak/jailbreak_00671.jpg,1,JAILBREAK,terminal_code_injection,512,512,JPEG,train
IMG_JAIL_00109,jailbreak_00109.jpg,vision_detector/dataset/jailbreak/jailbreak_00109.jpg,1,JAILBREAK,scenic_text_overlay,512,512,JPEG,train
IMG_JAIL_00848,jailbreak_00848.jpg,vision_detector/dataset/jailbreak/jailbreak_00848.jpg,1,JAILBREAK,system_dialog_injection,512,512,JPEG,val
IMG_SAFE_00660,safe_00660.jpg,vision_detector/dataset/safe/safe_00660.jpg,0,SAFE,benign_nature_visual,640,426,JPEG,val
IMG_JAIL_00929,jailbreak_00929.jpg,vision_detector/dataset/jailbreak/jailbreak_00929.jpg,1,JAILBREAK,scenic_text_overlay,512,512,JPEG,val
IMG_SAFE_00725,safe_00725.jpg,vision_detector/dataset/safe/safe_00725.jpg,0,SAFE,benign_nature_visual,480,640,JPEG,test
IMG_SAFE_00773,safe_00773.jpg,vision_detector/dataset/safe/safe_00773.jpg,0,SAFE,benign_nature_visual,427,640,JPEG,test
IMG_SAFE_00812,safe_00812.jpg,vision_detector/dataset/safe/safe_00812.jpg,0,SAFE,benign_nature_visual,331,500,JPEG,train
IMG_JAIL_00892,jailbreak_00892.jpg,vision_detector/dataset/jailbreak/jailbreak_00892.jpg,1,JAILBREAK,system_dialog_injection,512,512,JPEG,train
IMG_JAIL_00062,jailbreak_00062.jpg,vision_detector/dataset/jailbreak/jailbreak_00062.jpg,1,JAILBREAK,high_contrast_typographic,512,512,JPEG,train
IMG_SAFE_00240,safe_00240.jpg,vision_detector/dataset/safe/safe_00240.jpg,0,SAFE,benign_nature_visual,640,427,JPEG,train
IMG_SAFE_00541,safe_00541.jpg,vision_detector/dataset/safe/safe_00541.jpg,0,SAFE,benign_nature_visual,375,500,JPEG,val
IMG_JAIL_00405,jailbreak_00405.jpg,vision_detector/dataset/jailbreak/jailbreak_00405.jpg,1,JAILBREAK,scenic_text_overlay,512,512,JPEG,train
IMG_SAFE_00797,safe_00797.jpg,vision_detector/dataset/safe/safe_00797.jpg,0,SAFE,benign_nature_visual,478,640,JPEG,train
IMG_SAFE_00973,safe_00973.jpg,vision_detector/dataset/safe/safe_00973.jpg,0,SAFE,benign_nature_visual,640,480,JPEG,val
IMG_SAFE_00049,safe_00049.jpg,vision_detector/dataset/safe/safe_00049.jpg,0,SAFE,benign_nature_visual,512,640,JPEG,train
IMG_SAFE_00819,safe_00819.jpg,vision_detector/dataset/safe/safe_00819.jpg,0,SAFE,benign_nature_visual,640,480,JPEG,test
IMG_SAFE_00289,safe_00289.jpg,vision_detector/dataset/safe/safe_00289.jpg,0,SAFE,benign_nature_visual,640,427,JPEG,test
IMG_SAFE_00801,safe_00801.jpg,vision_detector/dataset/safe/safe_00801.jpg,0,SAFE,benign_nature_visual,640,427,JPEG,train
IMG_JAIL_00364,jailbreak_00364.jpg,vision_detector/dataset/jailbreak/jailbreak_00364.jpg,1,JAILBREAK,system_dialog_injection,512,512,JPEG,train
IMG_SAFE_00629,safe_00629.jpg,vision_detector/dataset/safe/safe_00629.jpg,0,SAFE,benign_nature_visual,640,427,JPEG,train
IMG_JAIL_00383,jailbreak_00383.jpg,vision_detector/dataset/jailbreak/jailbreak_00383.jpg,1,JAILBREAK,terminal_code_injection,512,512,JPEG,train
IMG_SAFE_00099,safe_00099.jpg,vision_detector/dataset/safe/safe_00099.jpg,0,SAFE,benign_nature_visual,423,640,JPEG,val
IMG_SAFE_00748,safe_00748.jpg,vision_detector/dataset/safe/safe_00748.jpg,0,SAFE,benign_nature_visual,640,480,JPEG,test
IMG_JAIL_00392,jailbreak_00392.jpg,vision_detector/dataset/jailbreak/jailbreak_00392.jpg,1,JAILBREAK,system_dialog_injection,512,512,JPEG,test
IMG_SAFE_00593,safe_00593.jpg,vision_detector/dataset/safe/safe_00593.jpg,0,SAFE,benign_nature_visual,480,640,JPEG,test
IMG_SAFE_00035,safe_00035.jpg,vision_detector/dataset/safe/safe_00035.jpg,0,SAFE,benign_nature_visual,427,640,JPEG,test
IMG_SAFE_00263,safe_00263.jpg,vision_detector/dataset/safe/safe_00263.jpg,0,SAFE,benign_nature_visual,500,375,JPEG,train
IMG_SAFE_00332,safe_00332.jpg,vision_detector/dataset/safe/safe_00332.jpg,0,SAFE,benign_nature_visual,640,480,JPEG,train
IMG_JAIL_00628,jailbreak_00628.jpg,vision_detector/dataset/jailbreak/jailbreak_00628.jpg,1,JAILBREAK,system_dialog_injection,512,512,JPEG,val
IMG_JAIL_00466,jailbreak_00466.jpg,vision_detector/dataset/jailbreak/jailbreak_00466.jpg,1,JAILBREAK,high_contrast_typographic,512,512,JPEG,train
IMG_SAFE_00061,safe_00061.jpg,vision_detector/dataset/safe/safe_00061.jpg,0,SAFE,benign_nature_visual,640,480,JPEG,train
IMG_JAIL_00222,jailbreak_00222.jpg,vision_detector/dataset/jailbreak/jailbreak_00222.jpg,1,JAILBREAK,high_contrast_typographic,512,512,JPEG,train
IMG_SAFE_00215,safe_00215.jpg,vision_detector/dataset/safe/safe_00215.jpg,0,SAFE,benign_nature_visual,640,425,JPEG,test
IMG_SAFE_00726,safe_00726.jpg,vision_detector/dataset/safe/safe_00726.jpg,0,SAFE,benign_nature_visual,480,640,JPEG,val
IMG_SAFE_00878,safe_00878.jpg,vision_detector/dataset/safe/safe_00878.jpg,0,SAFE,benign_nature_visual,500,333,JPEG,train
IMG_SAFE_00223,safe_00223.jpg,vision_detector/dataset/safe/safe_00223.jpg,0,SAFE,benign_nature_visual,640,427,JPEG,train
IMG_JAIL_00639,jailbreak_00639.jpg,vision_detector/dataset/jailbreak/jailbreak_00639.jpg,1,JAILBREAK,terminal_code_injection,512,512,JPEG,train
IMG_JAIL_00753,jailbreak_00753.jpg,vision_detector/dataset/jailbreak/jailbreak_00753.jpg,1,JAILBREAK,scenic_text_overlay,512,512,JPEG,val
IMG_SAFE_00603,safe_00603.jpg,vision_detector/dataset/safe/safe_00603.jpg,0,SAFE,benign_nature_visual,640,427,JPEG,train
IMG_SAFE_00409,safe_00409.jpg,vision_detector/dataset/safe/safe_00409.jpg,0,SAFE,benign_nature_visual,500,375,JPEG,train
IMG_JAIL_00377,jailbreak_00377.jpg,vision_detector/dataset/jailbreak/jailbreak_00377.jpg,1,JAILBREAK,scenic_text_overlay,512,512,JPEG,val
IMG_SAFE_00472,safe_00472.jpg,vision_detector/dataset/safe/safe_00472.jpg,0,SAFE,benign_nature_visual,612,612,JPEG,test
IMG_SAFE_00517,safe_00517.jpg,vision_detector/dataset/safe/safe_00517.jpg,0,SAFE,benign_nature_visual,640,480,JPEG,train
IMG_SAFE_00765,safe_00765.jpg,vision_detector/dataset/safe/safe_00765.jpg,0,SAFE,benign_nature_visual,640,512,JPEG,train
IMG_JAIL_00522,jailbreak_00522.jpg,vision_detector/dataset/jailbreak/jailbreak_00522.jpg,1,JAILBREAK,high_contrast_typographic,512,512,JPEG,train
IMG_JAIL_00961,jailbreak_00961.jpg,vision_detector/dataset/jailbreak/jailbreak_00961.jpg,1,JAILBREAK,scenic_text_overlay,512,512,JPEG,train
IMG_SAFE_00310,safe_00310.jpg,vision_detector/dataset/safe/safe_00310.jpg,0,SAFE,benign_nature_visual,500,375,JPEG,train
IMG_SAFE_00448,safe_00448.jpg,vision_detector/dataset/safe/safe_00448.jpg,0,SAFE,benign_nature_visual,640,480,JPEG,train
IMG_JAIL_00578,jailbreak_00578.jpg,vision_detector/dataset/jailbreak/jailbreak_00578.jpg,1,JAILBREAK,high_contrast_typographic,512,512,JPEG,val
IMG_SAFE_00934,safe_00934.jpg,vision_detector/dataset/safe/safe_00934.jpg,0,SAFE,benign_nature_visual,640,512,JPEG,train
IMG_JAIL_00028,jailbreak_00028.jpg,vision_detector/dataset/jailbreak/jailbreak_00028.jpg,1,JAILBREAK,system_dialog_injection,512,512,JPEG,test
IMG_SAFE_00422,safe_00422.jpg,vision_detector/dataset/safe/safe_00422.jpg,0,SAFE,benign_nature_visual,640,480,JPEG,train
IMG_JAIL_00833,jailbreak_00833.jpg,vision_detector/dataset/jailbreak/jailbreak_00833.jpg,1,JAILBREAK,scenic_text_overlay,512,512,JPEG,train
IMG_JAIL_00129,jailbreak_00129.jpg,vision_detector/dataset/jailbreak/jailbreak_00129.jpg,1,JAILBREAK,scenic_text_overlay,512,512,JPEG,test
IMG_JAIL_00156,jailbreak_00156.jpg,vision_detector/dataset/jailbreak/jailbreak_00156.jpg,1,JAILBREAK,system_dialog_injection,512,512,JPEG,train
IMG_SAFE_00177,safe_00177.jpg,vision_detector/dataset/safe/safe_00177.jpg,0,SAFE,benign_nature_visual,640,426,JPEG,train
IMG_SAFE_00058,safe_00058.jpg,vision_detector/dataset/safe/safe_00058.jpg,0,SAFE,benign_nature_visual,333,500,JPEG,train
IMG_SAFE_00803,safe_00803.jpg,vision_detector/dataset/safe/safe_00803.jpg,0,SAFE,benign_nature_visual,640,480,JPEG,train
IMG_SAFE_00186,safe_00186.jpg,vision_detector/dataset/safe/safe_00186.jpg,0,SAFE,benign_nature_visual,480,640,JPEG,train
IMG_SAFE_00400,safe_00400.jpg,vision_detector/dataset/safe/safe_00400.jpg,0,SAFE,benign_nature_visual,640,427,JPEG,train
IMG_JAIL_00934,jailbreak_00934.jpg,vision_detector/dataset/jailbreak/jailbreak_00934.jpg,1,JAILBREAK,high_contrast_typographic,512,512,JPEG,train
IMG_JAIL_00148,jailbreak_00148.jpg,vision_detector/dataset/jailbreak/jailbreak_00148.jpg,1,JAILBREAK,system_dialog_injection,512,512,JPEG,val
IMG_JAIL_00450,jailbreak_00450.jpg,vision_detector/dataset/jailbreak/jailbreak_00450.jpg,1,JAILBREAK,high_contrast_typographic,512,512,JPEG,train
IMG_JAIL_00375,jailbreak_00375.jpg,vision_detector/dataset/jailbreak/jailbreak_00375.jpg,1,JAILBREAK,terminal_code_injection,512,512,JPEG,train
IMG_JAIL_00528,jailbreak_00528.jpg,vision_detector/dataset/jailbreak/jailbreak_00528.jpg,1,JAILBREAK,system_dialog_injection,512,512,JPEG,train
IMG_SAFE_00241,safe_00241.jpg,vision_detector/dataset/safe/safe_00241.jpg,0,SAFE,benign_nature_visual,640,478,JPEG,val
IMG_JAIL_00461,jailbreak_00461.jpg,vision_detector/dataset/jailbreak/jailbreak_00461.jpg,1,JAILBREAK,scenic_text_overlay,512,512,JPEG,val
IMG_SAFE_00373,safe_00373.jpg,vision_detector/dataset/safe/safe_00373.jpg,0,SAFE,benign_nature_visual,427,640,JPEG,test
IMG_JAIL_00873,jailbreak_00873.jpg,vision_detector/dataset/jailbreak/jailbreak_00873.jpg,1,JAILBREAK,scenic_text_overlay,512,512,JPEG,train
IMG_SAFE_00112,safe_00112.jpg,vision_detector/dataset/safe/safe_00112.jpg,0,SAFE,benign_nature_visual,500,320,JPEG,train
IMG_SAFE_00722,safe_00722.jpg,vision_detector/dataset/safe/safe_00722.jpg,0,SAFE,benign_nature_visual,640,480,JPEG,train
IMG_JAIL_00223,jailbreak_00223.jpg,vision_detector/dataset/jailbreak/jailbreak_00223.jpg,1,JAILBREAK,terminal_code_injection,512,512,JPEG,train
IMG_JAIL_00273,jailbreak_00273.jpg,vision_detector/dataset/jailbreak/jailbreak_00273.jpg,1,JAILBREAK,scenic_text_overlay,512,512,JPEG,train
IMG_SAFE_00392,safe_00392.jpg,vision_detector/dataset/safe/safe_00392.jpg,0,SAFE,benign_nature_visual,480,640,JPEG,test
IMG_SAFE_00716,safe_00716.jpg,vision_detector/dataset/safe/safe_00716.jpg,0,SAFE,benign_nature_visual,640,480,JPEG,train
IMG_SAFE_00027,safe_00027.jpg,vision_detector/dataset/safe/safe_00027.jpg,0,SAFE,benign_nature_visual,640,427,JPEG,train
IMG_JAIL_00927,jailbreak_00927.jpg,vision_detector/dataset/jailbreak/jailbreak_00927.jpg,1,JAILBREAK,terminal_code_injection,512,512,JPEG,train
IMG_SAFE_00847,safe_00847.jpg,vision_detector/dataset/safe/safe_00847.jpg,0,SAFE,benign_nature_visual,480,640,JPEG,val
IMG_JAIL_00532,jailbreak_00532.jpg,vision_detector/dataset/jailbreak/jailbreak_00532.jpg,1,JAILBREAK,system_dialog_injection,512,512,JPEG,train
IMG_SAFE_00686,safe_00686.jpg,vision_detector/dataset/safe/safe_00686.jpg,0,SAFE,benign_nature_visual,640,325,JPEG,train
IMG_SAFE_00363,safe_00363.jpg,vision_detector/dataset/safe/safe_00363.jpg,0,SAFE,benign_nature_visual,640,480,JPEG,train
IMG_SAFE_00509,safe_00509.jpg,vision_detector/dataset/safe/safe_00509.jpg,0,SAFE,benign_nature_visual,640,451,JPEG,test
IMG_JAIL_00632,jailbreak_00632.jpg,vision_detector/dataset/jailbreak/jailbreak_00632.jpg,1,JAILBREAK,system_dialog_injection,512,512,JPEG,train
IMG_JAIL_00270,jailbreak_00270.jpg,vision_detector/dataset/jailbreak/jailbreak_00270.jpg,1,JAILBREAK,high_contrast_typographic,512,512,JPEG,test
IMG_SAFE_00754,safe_00754.jpg,vision_detector/dataset/safe/safe_00754.jpg,0,SAFE,benign_nature_visual,640,427,JPEG,train
IMG_SAFE_00097,safe_00097.jpg,vision_detector/dataset/safe/safe_00097.jpg,0,SAFE,benign_nature_visual,576,640,JPEG,train
IMG_JAIL_00958,jailbreak_00958.jpg,vision_detector/dataset/jailbreak/jailbreak_00958.jpg,1,JAILBREAK,high_contrast_typographic,512,512,JPEG,val
IMG_JAIL_00242,jailbreak_00242.jpg,vision_detector/dataset/jailbreak/jailbreak_00242.jpg,1,JAILBREAK,high_contrast_typographic,512,512,JPEG,test
IMG_SAFE_00850,safe_00850.jpg,vision_detector/dataset/safe/safe_00850.jpg,0,SAFE,benign_nature_visual,640,424,JPEG,train
IMG_JAIL_00738,jailbreak_00738.jpg,vision_detector/dataset/jailbreak/jailbreak_00738.jpg,1,JAILBREAK,high_contrast_typographic,512,512,JPEG,train
IMG_JAIL_00698,jailbreak_00698.jpg,vision_detector/dataset/jailbreak/jailbreak_00698.jpg,1,JAILBREAK,high_contrast_typographic,512,512,JPEG,train
IMG_JAIL_00788,jailbreak_00788.jpg,vision_detector/dataset/jailbreak/jailbreak_00788.jpg,1,JAILBREAK,system_dialog_injection,512,512,JPEG,train
IMG_JAIL_00135,jailbreak_00135.jpg,vision_detector/dataset/jailbreak/jailbreak_00135.jpg,1,JAILBREAK,terminal_code_injection,512,512,JPEG,test
IMG_JAIL_00395,jailbreak_00395.jpg,vision_detector/dataset/jailbreak/jailbreak_00395.jpg,1,JAILBREAK,terminal_code_injection,512,512,JPEG,train
IMG_JAIL_00871,jailbreak_00871.jpg,vision_detector/dataset/jailbreak/jailbreak_00871.jpg,1,JAILBREAK,terminal_code_injection,512,512,JPEG,train
IMG_SAFE_00866,safe_00866.jpg,vision_detector/dataset/safe/safe_00866.jpg,0,SAFE,benign_nature_visual,640,480,JPEG,train
IMG_SAFE_00294,safe_00294.jpg,vision_detector/dataset/safe/safe_00294.jpg,0,SAFE,benign_nature_visual,480,640,JPEG,val
IMG_SAFE_00947,safe_00947.jpg,vision_detector/dataset/safe/safe_00947.jpg,0,SAFE,benign_nature_visual,640,425,JPEG,train
IMG_JAIL_00496,jailbreak_00496.jpg,vision_detector/dataset/jailbreak/jailbreak_00496.jpg,1,JAILBREAK,system_dialog_injection,512,512,JPEG,train
IMG_JAIL_00039,jailbreak_00039.jpg,vision_detector/dataset/jailbreak/jailbreak_00039.jpg,1,JAILBREAK,terminal_code_injection,512,512,JPEG,train
IMG_JAIL_00727,jailbreak_00727.jpg,vision_detector/dataset/jailbreak/jailbreak_00727.jpg,1,JAILBREAK,terminal_code_injection,512,512,JPEG,test
IMG_JAIL_00230,jailbreak_00230.jpg,vision_detector/dataset/jailbreak/jailbreak_00230.jpg,1,JAILBREAK,high_contrast_typographic,512,512,JPEG,train
IMG_JAIL_00581,jailbreak_00581.jpg,vision_detector/dataset/jailbreak/jailbreak_00581.jpg,1,JAILBREAK,scenic_text_overlay,512,512,JPEG,train
IMG_SAFE_00259,safe_00259.jpg,vision_detector/dataset/safe/safe_00259.jpg,0,SAFE,benign_nature_visual,500,335,JPEG,val
IMG_SAFE_00739,safe_00739.jpg,vision_detector/dataset/safe/safe_00739.jpg,0,SAFE,benign_nature_visual,640,427,JPEG,val
IMG_SAFE_00091,safe_00091.jpg,vision_detector/dataset/safe/safe_00091.jpg,0,SAFE,benign_nature_visual,640,480,JPEG,train
IMG_JAIL_00485,jailbreak_00485.jpg,vision_detector/dataset/jailbreak/jailbreak_00485.jpg,1,JAILBREAK,scenic_text_overlay,512,512,JPEG,test
IMG_SAFE_00125,safe_00125.jpg,vision_detector/dataset/safe/safe_00125.jpg,0,SAFE,benign_nature_visual,640,480,JPEG,train
IMG_SAFE_00983,safe_00983.jpg,vision_detector/dataset/safe/safe_00983.jpg,0,SAFE,benign_nature_visual,500,429,JPEG,test
IMG_SAFE_00344,safe_00344.jpg,vision_detector/dataset/safe/safe_00344.jpg,0,SAFE,benign_nature_visual,375,500,JPEG,test
IMG_JAIL_00566,jailbreak_00566.jpg,vision_detector/dataset/jailbreak/jailbreak_00566.jpg,1,JAILBREAK,high_contrast_typographic,512,512,JPEG,test
IMG_JAIL_00526,jailbreak_00526.jpg,vision_detector/dataset/jailbreak/jailbreak_00526.jpg,1,JAILBREAK,high_contrast_typographic,512,512,JPEG,train
IMG_JAIL_00829,jailbreak_00829.jpg,vision_detector/dataset/jailbreak/jailbreak_00829.jpg,1,JAILBREAK,scenic_text_overlay,512,512,JPEG,train
IMG_JAIL_00353,jailbreak_00353.jpg,vision_detector/dataset/jailbreak/jailbreak_00353.jpg,1,JAILBREAK,scenic_text_overlay,512,512,JPEG,train
IMG_JAIL_00805,jailbreak_00805.jpg,vision_detector/dataset/jailbreak/jailbreak_00805.jpg,1,JAILBREAK,scenic_text_overlay,512,512,JPEG,val
IMG_SAFE_00121,safe_00121.jpg,vision_detector/dataset/safe/safe_00121.jpg,0,SAFE,benign_nature_visual,640,480,JPEG,train
IMG_SAFE_00376,safe_00376.jpg,vision_detector/dataset/safe/safe_00376.jpg,0,SAFE,benign_nature_visual,640,462,JPEG,train
IMG_SAFE_00746,safe_00746.jpg,vision_detector/dataset/safe/safe_00746.jpg,0,SAFE,benign_nature_visual,478,640,JPEG,train
IMG_JAIL_00173,jailbreak_00173.jpg,vision_detector/dataset/jailbreak/jailbreak_00173.jpg,1,JAILBREAK,scenic_text_overlay,512,512,JPEG,train
IMG_SAFE_00630,safe_00630.jpg,vision_detector/dataset/safe/safe_00630.jpg,0,SAFE,benign_nature_visual,640,426,JPEG,train
IMG_JAIL_00885,jailbreak_00885.jpg,vision_detector/dataset/jailbreak/jailbreak_00885.jpg,1,JAILBREAK,scenic_text_overlay,512,512,JPEG,train
IMG_JAIL_00113,jailbreak_00113.jpg,vision_detector/dataset/jailbreak/jailbreak_00113.jpg,1,JAILBREAK,scenic_text_overlay,512,512,JPEG,val
IMG_JAIL_00670,jailbreak_00670.jpg,vision_detector/dataset/jailbreak/jailbreak_00670.jpg,1,JAILBREAK,high_contrast_typographic,512,512,JPEG,train
IMG_SAFE_00945,safe_00945.jpg,vision_detector/dataset/safe/safe_00945.jpg,0,SAFE,benign_nature_visual,640,480,JPEG,val
IMG_JAIL_00087,jailbreak_00087.jpg,vision_detector/dataset/jailbreak/jailbreak_00087.jpg,1,JAILBREAK,terminal_code_injection,512,512,JPEG,train
IMG_JAIL_00679,jailbreak_00679.jpg,vision_detector/dataset/jailbreak/jailbreak_00679.jpg,1,JAILBREAK,terminal_code_injection,512,512,JPEG,train
IMG_JAIL_00881,jailbreak_00881.jpg,vision_detector/dataset/jailbreak/jailbreak_00881.jpg,1,JAILBREAK,scenic_text_overlay,512,512,JPEG,test
IMG_JAIL_00783,jailbreak_00783.jpg,vision_detector/dataset/jailbreak/jailbreak_00783.jpg,1,JAILBREAK,terminal_code_injection,512,512,JPEG,test
IMG_JAIL_00033,jailbreak_00033.jpg,vision_detector/dataset/jailbreak/jailbreak_00033.jpg,1,JAILBREAK,scenic_text_overlay,512,512,JPEG,test
IMG_SAFE_00822,safe_00822.jpg,vision_detector/dataset/safe/safe_00822.jpg,0,SAFE,benign_nature_visual,480,640,JPEG,test
IMG_JAIL_00898,jailbreak_00898.jpg,vision_detector/dataset/jailbreak/jailbreak_00898.jpg,1,JAILBREAK,high_contrast_typographic,512,512,JPEG,test
IMG_JAIL_00560,jailbreak_00560.jpg,vision_detector/dataset/jailbreak/jailbreak_00560.jpg,1,JAILBREAK,system_dialog_injection,512,512,JPEG,train
IMG_SAFE_00712,safe_00712.jpg,vision_detector/dataset/safe/safe_00712.jpg,0,SAFE,benign_nature_visual,640,480,JPEG,train
IMG_JAIL_00078,jailbreak_00078.jpg,vision_detector/dataset/jailbreak/jailbreak_00078.jpg,1,JAILBREAK,high_contrast_typographic,512,512,JPEG,train
IMG_SAFE_00729,safe_00729.jpg,vision_detector/dataset/safe/safe_00729.jpg,0,SAFE,benign_nature_visual,640,480,JPEG,train
IMG_JAIL_00304,jailbreak_00304.jpg,vision_detector/dataset/jailbreak/jailbreak_00304.jpg,1,JAILBREAK,system_dialog_injection,512,512,JPEG,train
IMG_JAIL_00327,jailbreak_00327.jpg,vision_detector/dataset/jailbreak/jailbreak_00327.jpg,1,JAILBREAK,terminal_code_injection,512,512,JPEG,train
IMG_JAIL_00933,jailbreak_00933.jpg,vision_detector/dataset/jailbreak/jailbreak_00933.jpg,1,JAILBREAK,scenic_text_overlay,512,512,JPEG,val
IMG_SAFE_00690,safe_00690.jpg,vision_detector/dataset/safe/safe_00690.jpg,0,SAFE,benign_nature_visual,640,480,JPEG,train
IMG_SAFE_00637,safe_00637.jpg,vision_detector/dataset/safe/safe_00637.jpg,0,SAFE,benign_nature_visual,563,640,JPEG,train
IMG_JAIL_00367,jailbreak_00367.jpg,vision_detector/dataset/jailbreak/jailbreak_00367.jpg,1,JAILBREAK,terminal_code_injection,512,512,JPEG,test
IMG_SAFE_00480,safe_00480.jpg,vision_detector/dataset/safe/safe_00480.jpg,0,SAFE,benign_nature_visual,640,427,JPEG,train
IMG_SAFE_00842,safe_00842.jpg,vision_detector/dataset/safe/safe_00842.jpg,0,SAFE,benign_nature_visual,640,427,JPEG,train
IMG_JAIL_00055,jailbreak_00055.jpg,vision_detector/dataset/jailbreak/jailbreak_00055.jpg,1,JAILBREAK,terminal_code_injection,512,512,JPEG,train
IMG_SAFE_00732,safe_00732.jpg,vision_detector/dataset/safe/safe_00732.jpg,0,SAFE,benign_nature_visual,640,480,JPEG,train
IMG_JAIL_00774,jailbreak_00774.jpg,vision_detector/dataset/jailbreak/jailbreak_00774.jpg,1,JAILBREAK,high_contrast_typographic,512,512,JPEG,train
IMG_JAIL_00592,jailbreak_00592.jpg,vision_detector/dataset/jailbreak/jailbreak_00592.jpg,1,JAILBREAK,system_dialog_injection,512,512,JPEG,train
IMG_SAFE_00863,safe_00863.jpg,vision_detector/dataset/safe/safe_00863.jpg,0,SAFE,benign_nature_visual,640,426,JPEG,test
IMG_SAFE_00781,safe_00781.jpg,vision_detector/dataset/safe/safe_00781.jpg,0,SAFE,benign_nature_visual,640,480,JPEG,train
IMG_SAFE_00923,safe_00923.jpg,vision_detector/dataset/safe/safe_00923.jpg,0,SAFE,benign_nature_visual,640,424,JPEG,train
IMG_SAFE_00805,safe_00805.jpg,vision_detector/dataset/safe/safe_00805.jpg,0,SAFE,benign_nature_visual,640,640,JPEG,val
IMG_SAFE_00139,safe_00139.jpg,vision_detector/dataset/safe/safe_00139.jpg,0,SAFE,benign_nature_visual,478,640,JPEG,test
IMG_JAIL_00847,jailbreak_00847.jpg,vision_detector/dataset/jailbreak/jailbreak_00847.jpg,1,JAILBREAK,terminal_code_injection,512,512,JPEG,val
IMG_SAFE_00026,safe_00026.jpg,vision_detector/dataset/safe/safe_00026.jpg,0,SAFE,benign_nature_visual,640,459,JPEG,train
IMG_SAFE_00296,safe_00296.jpg,vision_detector/dataset/safe/safe_00296.jpg,0,SAFE,benign_nature_visual,425,640,JPEG,test
IMG_JAIL_00930,jailbreak_00930.jpg,vision_detector/dataset/jailbreak/jailbreak_00930.jpg,1,JAILBREAK,high_contrast_typographic,512,512,JPEG,val
IMG_SAFE_00127,safe_00127.jpg,vision_detector/dataset/safe/safe_00127.jpg,0,SAFE,benign_nature_visual,640,429,JPEG,train
IMG_SAFE_00213,safe_00213.jpg,vision_detector/dataset/safe/safe_00213.jpg,0,SAFE,benign_nature_visual,640,427,JPEG,train
IMG_JAIL_00834,jailbreak_00834.jpg,vision_detector/dataset/jailbreak/jailbreak_00834.jpg,1,JAILBREAK,high_contrast_typographic,512,512,JPEG,train
IMG_JAIL_00243,jailbreak_00243.jpg,vision_detector/dataset/jailbreak/jailbreak_00243.jpg,1,JAILBREAK,terminal_code_injection,512,512,JPEG,val
IMG_JAIL_00260,jailbreak_00260.jpg,vision_detector/dataset/jailbreak/jailbreak_00260.jpg,1,JAILBREAK,system_dialog_injection,512,512,JPEG,train
IMG_SAFE_00047,safe_00047.jpg,vision_detector/dataset/safe/safe_00047.jpg,0,SAFE,benign_nature_visual,427,640,JPEG,train
IMG_SAFE_00073,safe_00073.jpg,vision_detector/dataset/safe/safe_00073.jpg,0,SAFE,benign_nature_visual,499,640,JPEG,train
IMG_JAIL_00907,jailbreak_00907.jpg,vision_detector/dataset/jailbreak/jailbreak_00907.jpg,1,JAILBREAK,terminal_code_injection,512,512,JPEG,val
IMG_SAFE_00069,safe_00069.jpg,vision_detector/dataset/safe/safe_00069.jpg,0,SAFE,benign_nature_visual,612,612,JPEG,train
IMG_SAFE_00897,safe_00897.jpg,vision_detector/dataset/safe/safe_00897.jpg,0,SAFE,benign_nature_visual,428,640,JPEG,train
IMG_SAFE_00280,safe_00280.jpg,vision_detector/dataset/safe/safe_00280.jpg,0,SAFE,benign_nature_visual,480,640,JPEG,val
IMG_SAFE_00954,safe_00954.jpg,vision_detector/dataset/safe/safe_00954.jpg,0,SAFE,benign_nature_visual,545,640,JPEG,val
IMG_JAIL_00854,jailbreak_00854.jpg,vision_detector/dataset/jailbreak/jailbreak_00854.jpg,1,JAILBREAK,high_contrast_typographic,512,512,JPEG,val
IMG_JAIL_00514,jailbreak_00514.jpg,vision_detector/dataset/jailbreak/jailbreak_00514.jpg,1,JAILBREAK,high_contrast_typographic,512,512,JPEG,train
IMG_SAFE_00508,safe_00508.jpg,vision_detector/dataset/safe/safe_00508.jpg,0,SAFE,benign_nature_visual,640,480,JPEG,train
IMG_SAFE_00507,safe_00507.jpg,vision_detector/dataset/safe/safe_00507.jpg,0,SAFE,benign_nature_visual,640,480,JPEG,train
IMG_JAIL_00672,jailbreak_00672.jpg,vision_detector/dataset/jailbreak/jailbreak_00672.jpg,1,JAILBREAK,system_dialog_injection,512,512,JPEG,val
IMG_SAFE_00156,safe_00156.jpg,vision_detector/dataset/safe/safe_00156.jpg,0,SAFE,benign_nature_visual,640,457,JPEG,train
IMG_JAIL_00098,jailbreak_00098.jpg,vision_detector/dataset/jailbreak/jailbreak_00098.jpg,1,JAILBREAK,high_contrast_typographic,512,512,JPEG,train
IMG_JAIL_00981,jailbreak_00981.jpg,vision_detector/dataset/jailbreak/jailbreak_00981.jpg,1,JAILBREAK,scenic_text_overlay,512,512,JPEG,test
IMG_SAFE_00236,safe_00236.jpg,vision_detector/dataset/safe/safe_00236.jpg,0,SAFE,benign_nature_visual,426,640,JPEG,train
IMG_JAIL_00490,jailbreak_00490.jpg,vision_detector/dataset/jailbreak/jailbreak_00490.jpg,1,JAILBREAK,high_contrast_typographic,512,512,JPEG,test
IMG_SAFE_00326,safe_00326.jpg,vision_detector/dataset/safe/safe_00326.jpg,0,SAFE,benign_nature_visual,500,384,JPEG,val
IMG_JAIL_00137,jailbreak_00137.jpg,vision_detector/dataset/jailbreak/jailbreak_00137.jpg,1,JAILBREAK,scenic_text_overlay,512,512,JPEG,train
IMG_SAFE_00200,safe_00200.jpg,vision_detector/dataset/safe/safe_00200.jpg,0,SAFE,benign_nature_visual,375,500,JPEG,train
IMG_SAFE_00224,safe_00224.jpg,vision_detector/dataset/safe/safe_00224.jpg,0,SAFE,benign_nature_visual,640,480,JPEG,train
IMG_SAFE_00051,safe_00051.jpg,vision_detector/dataset/safe/safe_00051.jpg,0,SAFE,benign_nature_visual,480,640,JPEG,train
IMG_SAFE_00505,safe_00505.jpg,vision_detector/dataset/safe/safe_00505.jpg,0,SAFE,benign_nature_visual,640,566,JPEG,test
IMG_SAFE_00861,safe_00861.jpg,vision_detector/dataset/safe/safe_00861.jpg,0,SAFE,benign_nature_visual,640,458,JPEG,test
IMG_SAFE_00912,safe_00912.jpg,vision_detector/dataset/safe/safe_00912.jpg,0,SAFE,benign_nature_visual,640,480,JPEG,train
IMG_SAFE_00965,safe_00965.jpg,vision_detector/dataset/safe/safe_00965.jpg,0,SAFE,benign_nature_visual,640,480,JPEG,train
IMG_JAIL_00124,jailbreak_00124.jpg,vision_detector/dataset/jailbreak/jailbreak_00124.jpg,1,JAILBREAK,system_dialog_injection,512,512,JPEG,val
IMG_JAIL_00651,jailbreak_00651.jpg,vision_detector/dataset/jailbreak/jailbreak_00651.jpg,1,JAILBREAK,terminal_code_injection,512,512,JPEG,train
IMG_JAIL_00954,jailbreak_00954.jpg,vision_detector/dataset/jailbreak/jailbreak_00954.jpg,1,JAILBREAK,high_contrast_typographic,512,512,JPEG,val
IMG_SAFE_00574,safe_00574.jpg,vision_detector/dataset/safe/safe_00574.jpg,0,SAFE,benign_nature_visual,640,427,JPEG,val
IMG_SAFE_00661,safe_00661.jpg,vision_detector/dataset/safe/safe_00661.jpg,0,SAFE,benign_nature_visual,640,427,JPEG,train
IMG_JAIL_00360,jailbreak_00360.jpg,vision_detector/dataset/jailbreak/jailbreak_00360.jpg,1,JAILBREAK,system_dialog_injection,512,512,JPEG,train
IMG_JAIL_00976,jailbreak_00976.jpg,vision_detector/dataset/jailbreak/jailbreak_00976.jpg,1,JAILBREAK,system_dialog_injection,512,512,JPEG,train
IMG_SAFE_00418,safe_00418.jpg,vision_detector/dataset/safe/safe_00418.jpg,0,SAFE,benign_nature_visual,640,480,JPEG,train
IMG_SAFE_00149,safe_00149.jpg,vision_detector/dataset/safe/safe_00149.jpg,0,SAFE,benign_nature_visual,396,640,JPEG,train
IMG_SAFE_00679,safe_00679.jpg,vision_detector/dataset/safe/safe_00679.jpg,0,SAFE,benign_nature_visual,500,375,JPEG,train
IMG_SAFE_00976,safe_00976.jpg,vision_detector/dataset/safe/safe_00976.jpg,0,SAFE,benign_nature_visual,640,426,JPEG,train
IMG_JAIL_00007,jailbreak_00007.jpg,vision_detector/dataset/jailbreak/jailbreak_00007.jpg,1,JAILBREAK,terminal_code_injection,512,512,JPEG,train
IMG_SAFE_00826,safe_00826.jpg,vision_detector/dataset/safe/safe_00826.jpg,0,SAFE,benign_nature_visual,428,640,JPEG,train
IMG_SAFE_00905,safe_00905.jpg,vision_detector/dataset/safe/safe_00905.jpg,0,SAFE,benign_nature_visual,500,375,JPEG,train
IMG_SAFE_00060,safe_00060.jpg,vision_detector/dataset/safe/safe_00060.jpg,0,SAFE,benign_nature_visual,640,480,JPEG,train
IMG_SAFE_00237,safe_00237.jpg,vision_detector/dataset/safe/safe_00237.jpg,0,SAFE,benign_nature_visual,640,424,JPEG,train
IMG_SAFE_00515,safe_00515.jpg,vision_detector/dataset/safe/safe_00515.jpg,0,SAFE,benign_nature_visual,480,640,JPEG,train
IMG_SAFE_00456,safe_00456.jpg,vision_detector/dataset/safe/safe_00456.jpg,0,SAFE,benign_nature_visual,480,640,JPEG,test
IMG_JAIL_00996,jailbreak_00996.jpg,vision_detector/dataset/jailbreak/jailbreak_00996.jpg,1,JAILBREAK,system_dialog_injection,512,512,JPEG,train
IMG_JAIL_00666,jailbreak_00666.jpg,vision_detector/dataset/jailbreak/jailbreak_00666.jpg,1,JAILBREAK,high_contrast_typographic,512,512,JPEG,train
IMG_JAIL_00063,jailbreak_00063.jpg,vision_detector/dataset/jailbreak/jailbreak_00063.jpg,1,JAILBREAK,terminal_code_injection,512,512,JPEG,test
IMG_SAFE_00684,safe_00684.jpg,vision_detector/dataset/safe/safe_00684.jpg,0,SAFE,benign_nature_visual,640,480,JPEG,val
IMG_JAIL_00519,jailbreak_00519.jpg,vision_detector/dataset/jailbreak/jailbreak_00519.jpg,1,JAILBREAK,terminal_code_injection,512,512,JPEG,train
IMG_JAIL_00504,jailbreak_00504.jpg,vision_detector/dataset/jailbreak/jailbreak_00504.jpg,1,JAILBREAK,system_dialog_injection,512,512,JPEG,train
IMG_JAIL_00277,jailbreak_00277.jpg,vision_detector/dataset/jailbreak/jailbreak_00277.jpg,1,JAILBREAK,scenic_text_overlay,512,512,JPEG,test
IMG_SAFE_00802,safe_00802.jpg,vision_detector/dataset/safe/safe_00802.jpg,0,SAFE,benign_nature_visual,640,480,JPEG,train
IMG_JAIL_00066,jailbreak_00066.jpg,vision_detector/dataset/jailbreak/jailbreak_00066.jpg,1,JAILBREAK,high_contrast_typographic,512,512,JPEG,train
IMG_SAFE_00449,safe_00449.jpg,vision_detector/dataset/safe/safe_00449.jpg,0,SAFE,benign_nature_visual,640,427,JPEG,train
IMG_SAFE_00572,safe_00572.jpg,vision_detector/dataset/safe/safe_00572.jpg,0,SAFE,benign_nature_visual,640,424,JPEG,train
IMG_JAIL_00912,jailbreak_00912.jpg,vision_detector/dataset/jailbreak/jailbreak_00912.jpg,1,JAILBREAK,system_dialog_injection,512,512,JPEG,train
IMG_SAFE_00434,safe_00434.jpg,vision_detector/dataset/safe/safe_00434.jpg,0,SAFE,benign_nature_visual,640,426,JPEG,train
IMG_SAFE_00859,safe_00859.jpg,vision_detector/dataset/safe/safe_00859.jpg,0,SAFE,benign_nature_visual,640,480,JPEG,train
IMG_JAIL_00748,jailbreak_00748.jpg,vision_detector/dataset/jailbreak/jailbreak_00748.jpg,1,JAILBREAK,system_dialog_injection,512,512,JPEG,test
IMG_SAFE_00852,safe_00852.jpg,vision_detector/dataset/safe/safe_00852.jpg,0,SAFE,benign_nature_visual,640,480,JPEG,train
IMG_JAIL_00362,jailbreak_00362.jpg,vision_detector/dataset/jailbreak/jailbreak_00362.jpg,1,JAILBREAK,high_contrast_typographic,512,512,JPEG,train
IMG_JAIL_00975,jailbreak_00975.jpg,vision_detector/dataset/jailbreak/jailbreak_00975.jpg,1,JAILBREAK,terminal_code_injection,512,512,JPEG,train
IMG_SAFE_00351,safe_00351.jpg,vision_detector/dataset/safe/safe_00351.jpg,0,SAFE,benign_nature_visual,470,500,JPEG,train
IMG_JAIL_00979,jailbreak_00979.jpg,vision_detector/dataset/jailbreak/jailbreak_00979.jpg,1,JAILBREAK,terminal_code_injection,512,512,JPEG,train
IMG_JAIL_00312,jailbreak_00312.jpg,vision_detector/dataset/jailbreak/jailbreak_00312.jpg,1,JAILBREAK,system_dialog_injection,512,512,JPEG,train
IMG_JAIL_00454,jailbreak_00454.jpg,vision_detector/dataset/jailbreak/jailbreak_00454.jpg,1,JAILBREAK,high_contrast_typographic,512,512,JPEG,train
IMG_SAFE_00663,safe_00663.jpg,vision_detector/dataset/safe/safe_00663.jpg,0,SAFE,benign_nature_visual,500,333,JPEG,train
IMG_SAFE_00211,safe_00211.jpg,vision_detector/dataset/safe/safe_00211.jpg,0,SAFE,benign_nature_visual,640,427,JPEG,train
IMG_SAFE_00894,safe_00894.jpg,vision_detector/dataset/safe/safe_00894.jpg,0,SAFE,benign_nature_visual,640,480,JPEG,train
IMG_SAFE_00154,safe_00154.jpg,vision_detector/dataset/safe/safe_00154.jpg,0,SAFE,benign_nature_visual,640,427,JPEG,train
IMG_SAFE_00171,safe_00171.jpg,vision_detector/dataset/safe/safe_00171.jpg,0,SAFE,benign_nature_visual,458,640,JPEG,val
IMG_JAIL_00115,jailbreak_00115.jpg,vision_detector/dataset/jailbreak/jailbreak_00115.jpg,1,JAILBREAK,terminal_code_injection,512,512,JPEG,train
IMG_SAFE_00549,safe_00549.jpg,vision_detector/dataset/safe/safe_00549.jpg,0,SAFE,benign_nature_visual,480,640,JPEG,train
IMG_JAIL_00153,jailbreak_00153.jpg,vision_detector/dataset/jailbreak/jailbreak_00153.jpg,1,JAILBREAK,scenic_text_overlay,512,512,JPEG,train
IMG_JAIL_00470,jailbreak_00470.jpg,vision_detector/dataset/jailbreak/jailbreak_00470.jpg,1,JAILBREAK,high_contrast_typographic,512,512,JPEG,train
IMG_JAIL_00086,jailbreak_00086.jpg,vision_detector/dataset/jailbreak/jailbreak_00086.jpg,1,JAILBREAK,high_contrast_typographic,512,512,JPEG,val
IMG_JAIL_00734,jailbreak_00734.jpg,vision_detector/dataset/jailbreak/jailbreak_00734.jpg,1,JAILBREAK,high_contrast_typographic,512,512,JPEG,val
IMG_JAIL_00143,jailbreak_00143.jpg,vision_detector/dataset/jailbreak/jailbreak_00143.jpg,1,JAILBREAK,terminal_code_injection,512,512,JPEG,train
IMG_JAIL_00894,jailbreak_00894.jpg,vision_detector/dataset/jailbreak/jailbreak_00894.jpg,1,JAILBREAK,high_contrast_typographic,512,512,JPEG,train
IMG_SAFE_00136,safe_00136.jpg,vision_detector/dataset/safe/safe_00136.jpg,0,SAFE,benign_nature_visual,628,640,JPEG,train
IMG_JAIL_00302,jailbreak_00302.jpg,vision_detector/dataset/jailbreak/jailbreak_00302.jpg,1,JAILBREAK,high_contrast_typographic,512,512,JPEG,train
IMG_JAIL_00593,jailbreak_00593.jpg,vision_detector/dataset/jailbreak/jailbreak_00593.jpg,1,JAILBREAK,scenic_text_overlay,512,512,JPEG,test
IMG_JAIL_00102,jailbreak_00102.jpg,vision_detector/dataset/jailbreak/jailbreak_00102.jpg,1,JAILBREAK,high_contrast_typographic,512,512,JPEG,train
IMG_JAIL_00347,jailbreak_00347.jpg,vision_detector/dataset/jailbreak/jailbreak_00347.jpg,1,JAILBREAK,terminal_code_injection,512,512,JPEG,train
IMG_JAIL_00423,jailbreak_00423.jpg,vision_detector/dataset/jailbreak/jailbreak_00423.jpg,1,JAILBREAK,terminal_code_injection,512,512,JPEG,train
IMG_JAIL_00132,jailbreak_00132.jpg,vision_detector/dataset/jailbreak/jailbreak_00132.jpg,1,JAILBREAK,system_dialog_injection,512,512,JPEG,train
IMG_JAIL_00247,jailbreak_00247.jpg,vision_detector/dataset/jailbreak/jailbreak_00247.jpg,1,JAILBREAK,terminal_code_injection,512,512,JPEG,val
IMG_SAFE_00227,safe_00227.jpg,vision_detector/dataset/safe/safe_00227.jpg,0,SAFE,benign_nature_visual,640,427,JPEG,train
IMG_SAFE_00165,safe_00165.jpg,vision_detector/dataset/safe/safe_00165.jpg,0,SAFE,benign_nature_visual,640,480,JPEG,train
IMG_SAFE_00040,safe_00040.jpg,vision_detector/dataset/safe/safe_00040.jpg,0,SAFE,benign_nature_visual,500,332,JPEG,train
IMG_SAFE_00987,safe_00987.jpg,vision_detector/dataset/safe/safe_00987.jpg,0,SAFE,benign_nature_visual,500,400,JPEG,train
IMG_JAIL_00183,jailbreak_00183.jpg,vision_detector/dataset/jailbreak/jailbreak_00183.jpg,1,JAILBREAK,terminal_code_injection,512,512,JPEG,train
IMG_SAFE_00552,safe_00552.jpg,vision_detector/dataset/safe/safe_00552.jpg,0,SAFE,benign_nature_visual,640,457,JPEG,train
IMG_JAIL_00005,jailbreak_00005.jpg,vision_detector/dataset/jailbreak/jailbreak_00005.jpg,1,JAILBREAK,scenic_text_overlay,512,512,JPEG,val
IMG_SAFE_00031,safe_00031.jpg,vision_detector/dataset/safe/safe_00031.jpg,0,SAFE,benign_nature_visual,640,480,JPEG,train
IMG_SAFE_00438,safe_00438.jpg,vision_detector/dataset/safe/safe_00438.jpg,0,SAFE,benign_nature_visual,640,427,JPEG,train
IMG_SAFE_00483,safe_00483.jpg,vision_detector/dataset/safe/safe_00483.jpg,0,SAFE,benign_nature_visual,612,612,JPEG,train
IMG_SAFE_00609,safe_00609.jpg,vision_detector/dataset/safe/safe_00609.jpg,0,SAFE,benign_nature_visual,640,439,JPEG,val
IMG_SAFE_00017,safe_00017.jpg,vision_detector/dataset/safe/safe_00017.jpg,0,SAFE,benign_nature_visual,500,335,JPEG,train
IMG_SAFE_00514,safe_00514.jpg,vision_detector/dataset/safe/safe_00514.jpg,0,SAFE,benign_nature_visual,640,425,JPEG,train
IMG_SAFE_00796,safe_00796.jpg,vision_detector/dataset/safe/safe_00796.jpg,0,SAFE,benign_nature_visual,640,480,JPEG,val
IMG_JAIL_00838,jailbreak_00838.jpg,vision_detector/dataset/jailbreak/jailbreak_00838.jpg,1,JAILBREAK,high_contrast_typographic,512,512,JPEG,train
IMG_SAFE_00707,safe_00707.jpg,vision_detector/dataset/safe/safe_00707.jpg,0,SAFE,benign_nature_visual,480,640,JPEG,train
IMG_SAFE_00602,safe_00602.jpg,vision_detector/dataset/safe/safe_00602.jpg,0,SAFE,benign_nature_visual,640,427,JPEG,train
IMG_JAIL_00870,jailbreak_00870.jpg,vision_detector/dataset/jailbreak/jailbreak_00870.jpg,1,JAILBREAK,high_contrast_typographic,512,512,JPEG,val
IMG_SAFE_00555,safe_00555.jpg,vision_detector/dataset/safe/safe_00555.jpg,0,SAFE,benign_nature_visual,640,466,JPEG,train
IMG_SAFE_00940,safe_00940.jpg,vision_detector/dataset/safe/safe_00940.jpg,0,SAFE,benign_nature_visual,640,480,JPEG,train
IMG_JAIL_00308,jailbreak_00308.jpg,vision_detector/dataset/jailbreak/jailbreak_00308.jpg,1,JAILBREAK,system_dialog_injection,512,512,JPEG,train
IMG_SAFE_00193,safe_00193.jpg,vision_detector/dataset/safe/safe_00193.jpg,0,SAFE,benign_nature_visual,500,375,JPEG,train
IMG_SAFE_00828,safe_00828.jpg,vision_detector/dataset/safe/safe_00828.jpg,0,SAFE,benign_nature_visual,427,640,JPEG,train
IMG_JAIL_00899,jailbreak_00899.jpg,vision_detector/dataset/jailbreak/jailbreak_00899.jpg,1,JAILBREAK,terminal_code_injection,512,512,JPEG,val
IMG_JAIL_00026,jailbreak_00026.jpg,vision_detector/dataset/jailbreak/jailbreak_00026.jpg,1,JAILBREAK,high_contrast_typographic,512,512,JPEG,train
IMG_SAFE_00929,safe_00929.jpg,vision_detector/dataset/safe/safe_00929.jpg,0,SAFE,benign_nature_visual,480,640,JPEG,val
IMG_JAIL_00538,jailbreak_00538.jpg,vision_detector/dataset/jailbreak/jailbreak_00538.jpg,1,JAILBREAK,high_contrast_typographic,512,512,JPEG,train
IMG_JAIL_00810,jailbreak_00810.jpg,vision_detector/dataset/jailbreak/jailbreak_00810.jpg,1,JAILBREAK,high_contrast_typographic,512,512,JPEG,train
IMG_JAIL_00587,jailbreak_00587.jpg,vision_detector/dataset/jailbreak/jailbreak_00587.jpg,1,JAILBREAK,terminal_code_injection,512,512,JPEG,train
IMG_SAFE_00341,safe_00341.jpg,vision_detector/dataset/safe/safe_00341.jpg,0,SAFE,benign_nature_visual,524,640,JPEG,train
IMG_SAFE_00482,safe_00482.jpg,vision_detector/dataset/safe/safe_00482.jpg,0,SAFE,benign_nature_visual,480,640,JPEG,train
IMG_SAFE_00375,safe_00375.jpg,vision_detector/dataset/safe/safe_00375.jpg,0,SAFE,benign_nature_visual,480,640,JPEG,train
IMG_JAIL_00384,jailbreak_00384.jpg,vision_detector/dataset/jailbreak/jailbreak_00384.jpg,1,JAILBREAK,system_dialog_injection,512,512,JPEG,train
IMG_SAFE_00285,safe_00285.jpg,vision_detector/dataset/safe/safe_00285.jpg,0,SAFE,benign_nature_visual,640,428,JPEG,train
IMG_JAIL_00993,jailbreak_00993.jpg,vision_detector/dataset/jailbreak/jailbreak_00993.jpg,1,JAILBREAK,scenic_text_overlay,512,512,JPEG,test
IMG_SAFE_00256,safe_00256.jpg,vision_detector/dataset/safe/safe_00256.jpg,0,SAFE,benign_nature_visual,640,435,JPEG,train
IMG_JAIL_00134,jailbreak_00134.jpg,vision_detector/dataset/jailbreak/jailbreak_00134.jpg,1,JAILBREAK,high_contrast_typographic,512,512,JPEG,train
IMG_JAIL_00293,jailbreak_00293.jpg,vision_detector/dataset/jailbreak/jailbreak_00293.jpg,1,JAILBREAK,scenic_text_overlay,512,512,JPEG,train
IMG_JAIL_00779,jailbreak_00779.jpg,vision_detector/dataset/jailbreak/jailbreak_00779.jpg,1,JAILBREAK,terminal_code_injection,512,512,JPEG,train
IMG_SAFE_00297,safe_00297.jpg,vision_detector/dataset/safe/safe_00297.jpg,0,SAFE,benign_nature_visual,640,559,JPEG,train
IMG_JAIL_00267,jailbreak_00267.jpg,vision_detector/dataset/jailbreak/jailbreak_00267.jpg,1,JAILBREAK,terminal_code_injection,512,512,JPEG,train
IMG_SAFE_00523,safe_00523.jpg,vision_detector/dataset/safe/safe_00523.jpg,0,SAFE,benign_nature_visual,428,640,JPEG,train
IMG_SAFE_00689,safe_00689.jpg,vision_detector/dataset/safe/safe_00689.jpg,0,SAFE,benign_nature_visual,640,603,JPEG,train
IMG_SAFE_00588,safe_00588.jpg,vision_detector/dataset/safe/safe_00588.jpg,0,SAFE,benign_nature_visual,640,480,JPEG,train
IMG_JAIL_00817,jailbreak_00817.jpg,vision_detector/dataset/jailbreak/jailbreak_00817.jpg,1,JAILBREAK,scenic_text_overlay,512,512,JPEG,train
IMG_SAFE_00145,safe_00145.jpg,vision_detector/dataset/safe/safe_00145.jpg,0,SAFE,benign_nature_visual,640,474,JPEG,train
IMG_JAIL_00868,jailbreak_00868.jpg,vision_detector/dataset/jailbreak/jailbreak_00868.jpg,1,JAILBREAK,system_dialog_injection,512,512,JPEG,train
IMG_JAIL_00311,jailbreak_00311.jpg,vision_detector/dataset/jailbreak/jailbreak_00311.jpg,1,JAILBREAK,terminal_code_injection,512,512,JPEG,train
IMG_SAFE_00407,safe_00407.jpg,vision_detector/dataset/safe/safe_00407.jpg,0,SAFE,benign_nature_visual,640,425,JPEG,val
IMG_JAIL_00667,jailbreak_00667.jpg,vision_detector/dataset/jailbreak/jailbreak_00667.jpg,1,JAILBREAK,terminal_code_injection,512,512,JPEG,train
IMG_SAFE_00529,safe_00529.jpg,vision_detector/dataset/safe/safe_00529.jpg,0,SAFE,benign_nature_visual,634,640,JPEG,train
IMG_SAFE_00313,safe_00313.jpg,vision_detector/dataset/safe/safe_00313.jpg,0,SAFE,benign_nature_visual,640,425,JPEG,train
IMG_SAFE_00560,safe_00560.jpg,vision_detector/dataset/safe/safe_00560.jpg,0,SAFE,benign_nature_visual,500,286,JPEG,train
IMG_SAFE_00837,safe_00837.jpg,vision_detector/dataset/safe/safe_00837.jpg,0,SAFE,benign_nature_visual,500,334,JPEG,train
IMG_SAFE_00262,safe_00262.jpg,vision_detector/dataset/safe/safe_00262.jpg,0,SAFE,benign_nature_visual,333,500,JPEG,train
IMG_SAFE_00944,safe_00944.jpg,vision_detector/dataset/safe/safe_00944.jpg,0,SAFE,benign_nature_visual,640,428,JPEG,train
IMG_SAFE_00071,safe_00071.jpg,vision_detector/dataset/safe/safe_00071.jpg,0,SAFE,benign_nature_visual,640,383,JPEG,train
IMG_JAIL_00785,jailbreak_00785.jpg,vision_detector/dataset/jailbreak/jailbreak_00785.jpg,1,JAILBREAK,scenic_text_overlay,512,512,JPEG,val
IMG_JAIL_00826,jailbreak_00826.jpg,vision_detector/dataset/jailbreak/jailbreak_00826.jpg,1,JAILBREAK,high_contrast_typographic,512,512,JPEG,train
IMG_SAFE_00527,safe_00527.jpg,vision_detector/dataset/safe/safe_00527.jpg,0,SAFE,benign_nature_visual,500,335,JPEG,train
IMG_SAFE_00216,safe_00216.jpg,vision_detector/dataset/safe/safe_00216.jpg,0,SAFE,benign_nature_visual,640,481,JPEG,train
IMG_SAFE_00997,safe_00997.jpg,vision_detector/dataset/safe/safe_00997.jpg,0,SAFE,benign_nature_visual,612,612,JPEG,test
IMG_SAFE_00856,safe_00856.jpg,vision_detector/dataset/safe/safe_00856.jpg,0,SAFE,benign_nature_visual,480,640,JPEG,val
IMG_SAFE_00266,safe_00266.jpg,vision_detector/dataset/safe/safe_00266.jpg,0,SAFE,benign_nature_visual,640,457,JPEG,train
IMG_SAFE_00680,safe_00680.jpg,vision_detector/dataset/safe/safe_00680.jpg,0,SAFE,benign_nature_visual,500,334,JPEG,train
IMG_JAIL_00459,jailbreak_00459.jpg,vision_detector/dataset/jailbreak/jailbreak_00459.jpg,1,JAILBREAK,terminal_code_injection,512,512,JPEG,test
IMG_JAIL_00189,jailbreak_00189.jpg,vision_detector/dataset/jailbreak/jailbreak_00189.jpg,1,JAILBREAK,scenic_text_overlay,512,512,JPEG,train
IMG_SAFE_00272,safe_00272.jpg,vision_detector/dataset/safe/safe_00272.jpg,0,SAFE,benign_nature_visual,500,321,JPEG,train
IMG_JAIL_00422,jailbreak_00422.jpg,vision_detector/dataset/jailbreak/jailbreak_00422.jpg,1,JAILBREAK,high_contrast_typographic,512,512,JPEG,train
IMG_SAFE_00100,safe_00100.jpg,vision_detector/dataset/safe/safe_00100.jpg,0,SAFE,benign_nature_visual,640,427,JPEG,test
IMG_SAFE_00669,safe_00669.jpg,vision_detector/dataset/safe/safe_00669.jpg,0,SAFE,benign_nature_visual,640,425,JPEG,train
IMG_SAFE_00085,safe_00085.jpg,vision_detector/dataset/safe/safe_00085.jpg,0,SAFE,benign_nature_visual,640,482,JPEG,train
IMG_SAFE_00634,safe_00634.jpg,vision_detector/dataset/safe/safe_00634.jpg,0,SAFE,benign_nature_visual,640,425,JPEG,train
IMG_JAIL_00325,jailbreak_00325.jpg,vision_detector/dataset/jailbreak/jailbreak_00325.jpg,1,JAILBREAK,scenic_text_overlay,512,512,JPEG,train
IMG_SAFE_00490,safe_00490.jpg,vision_detector/dataset/safe/safe_00490.jpg,0,SAFE,benign_nature_visual,640,480,JPEG,test
IMG_JAIL_00142,jailbreak_00142.jpg,vision_detector/dataset/jailbreak/jailbreak_00142.jpg,1,JAILBREAK,high_contrast_typographic,512,512,JPEG,train
IMG_SAFE_00089,safe_00089.jpg,vision_detector/dataset/safe/safe_00089.jpg,0,SAFE,benign_nature_visual,500,375,JPEG,train
IMG_JAIL_00806,jailbreak_00806.jpg,vision_detector/dataset/jailbreak/jailbreak_00806.jpg,1,JAILBREAK,high_contrast_typographic,512,512,JPEG,test
IMG_SAFE_00130,safe_00130.jpg,vision_detector/dataset/safe/safe_00130.jpg,0,SAFE,benign_nature_visual,500,332,JPEG,val
IMG_JAIL_00324,jailbreak_00324.jpg,vision_detector/dataset/jailbreak/jailbreak_00324.jpg,1,JAILBREAK,system_dialog_injection,512,512,JPEG,train
IMG_SAFE_00937,safe_00937.jpg,vision_detector/dataset/safe/safe_00937.jpg,0,SAFE,benign_nature_visual,640,480,JPEG,train
IMG_SAFE_00279,safe_00279.jpg,vision_detector/dataset/safe/safe_00279.jpg,0,SAFE,benign_nature_visual,640,429,JPEG,train
IMG_SAFE_00293,safe_00293.jpg,vision_detector/dataset/safe/safe_00293.jpg,0,SAFE,benign_nature_visual,640,640,JPEG,train
IMG_JAIL_00640,jailbreak_00640.jpg,vision_detector/dataset/jailbreak/jailbreak_00640.jpg,1,JAILBREAK,system_dialog_injection,512,512,JPEG,val
IMG_JAIL_00034,jailbreak_00034.jpg,vision_detector/dataset/jailbreak/jailbreak_00034.jpg,1,JAILBREAK,high_contrast_typographic,512,512,JPEG,train
IMG_SAFE_00562,safe_00562.jpg,vision_detector/dataset/safe/safe_00562.jpg,0,SAFE,benign_nature_visual,640,426,JPEG,test
IMG_JAIL_00660,jailbreak_00660.jpg,vision_detector/dataset/jailbreak/jailbreak_00660.jpg,1,JAILBREAK,system_dialog_injection,512,512,JPEG,val
IMG_JAIL_00751,jailbreak_00751.jpg,vision_detector/dataset/jailbreak/jailbreak_00751.jpg,1,JAILBREAK,terminal_code_injection,512,512,JPEG,train
IMG_JAIL_00910,jailbreak_00910.jpg,vision_detector/dataset/jailbreak/jailbreak_00910.jpg,1,JAILBREAK,high_contrast_typographic,512,512,JPEG,train
IMG_SAFE_00233,safe_00233.jpg,vision_detector/dataset/safe/safe_00233.jpg,0,SAFE,benign_nature_visual,426,640,JPEG,val
IMG_SAFE_00467,safe_00467.jpg,vision_detector/dataset/safe/safe_00467.jpg,0,SAFE,benign_nature_visual,480,640,JPEG,test
IMG_SAFE_00991,safe_00991.jpg,vision_detector/dataset/safe/safe_00991.jpg,0,SAFE,benign_nature_visual,640,478,JPEG,train
IMG_SAFE_00032,safe_00032.jpg,vision_detector/dataset/safe/safe_00032.jpg,0,SAFE,benign_nature_visual,467,640,JPEG,train
IMG_JAIL_00685,jailbreak_00685.jpg,vision_detector/dataset/jailbreak/jailbreak_00685.jpg,1,JAILBREAK,scenic_text_overlay,512,512,JPEG,train
IMG_SAFE_00381,safe_00381.jpg,vision_detector/dataset/safe/safe_00381.jpg,0,SAFE,benign_nature_visual,426,640,JPEG,train
IMG_JAIL_00366,jailbreak_00366.jpg,vision_detector/dataset/jailbreak/jailbreak_00366.jpg,1,JAILBREAK,high_contrast_typographic,512,512,JPEG,train
IMG_SAFE_00979,safe_00979.jpg,vision_detector/dataset/safe/safe_00979.jpg,0,SAFE,benign_nature_visual,640,426,JPEG,train
IMG_JAIL_00191,jailbreak_00191.jpg,vision_detector/dataset/jailbreak/jailbreak_00191.jpg,1,JAILBREAK,terminal_code_injection,512,512,JPEG,train
IMG_SAFE_00673,safe_00673.jpg,vision_detector/dataset/safe/safe_00673.jpg,0,SAFE,benign_nature_visual,480,640,JPEG,train
IMG_SAFE_00287,safe_00287.jpg,vision_detector/dataset/safe/safe_00287.jpg,0,SAFE,benign_nature_visual,640,480,JPEG,train
IMG_JAIL_00394,jailbreak_00394.jpg,vision_detector/dataset/jailbreak/jailbreak_00394.jpg,1,JAILBREAK,high_contrast_typographic,512,512,JPEG,train
IMG_JAIL_00072,jailbreak_00072.jpg,vision_detector/dataset/jailbreak/jailbreak_00072.jpg,1,JAILBREAK,system_dialog_injection,512,512,JPEG,test
IMG_SAFE_00788,safe_00788.jpg,vision_detector/dataset/safe/safe_00788.jpg,0,SAFE,benign_nature_visual,640,348,JPEG,train
IMG_SAFE_00500,safe_00500.jpg,vision_detector/dataset/safe/safe_00500.jpg,0,SAFE,benign_nature_visual,640,480,JPEG,train
IMG_JAIL_00962,jailbreak_00962.jpg,vision_detector/dataset/jailbreak/jailbreak_00962.jpg,1,JAILBREAK,high_contrast_typographic,512,512,JPEG,train
IMG_JAIL_00104,jailbreak_00104.jpg,vision_detector/dataset/jailbreak/jailbreak_00104.jpg,1,JAILBREAK,system_dialog_injection,512,512,JPEG,train
IMG_SAFE_00666,safe_00666.jpg,vision_detector/dataset/safe/safe_00666.jpg,0,SAFE,benign_nature_visual,640,425,JPEG,train
IMG_SAFE_00124,safe_00124.jpg,vision_detector/dataset/safe/safe_00124.jpg,0,SAFE,benign_nature_visual,500,332,JPEG,val
IMG_JAIL_00036,jailbreak_00036.jpg,vision_detector/dataset/jailbreak/jailbreak_00036.jpg,1,JAILBREAK,system_dialog_injection,512,512,JPEG,val
IMG_JAIL_00180,jailbreak_00180.jpg,vision_detector/dataset/jailbreak/jailbreak_00180.jpg,1,JAILBREAK,system_dialog_injection,512,512,JPEG,train
IMG_SAFE_00522,safe_00522.jpg,vision_detector/dataset/safe/safe_00522.jpg,0,SAFE,benign_nature_visual,640,458,JPEG,train
IMG_JAIL_00746,jailbreak_00746.jpg,vision_detector/dataset/jailbreak/jailbreak_00746.jpg,1,JAILBREAK,high_contrast_typographic,512,512,JPEG,train
IMG_JAIL_00352,jailbreak_00352.jpg,vision_detector/dataset/jailbreak/jailbreak_00352.jpg,1,JAILBREAK,system_dialog_injection,512,512,JPEG,train
IMG_JAIL_00169,jailbreak_00169.jpg,vision_detector/dataset/jailbreak/jailbreak_00169.jpg,1,JAILBREAK,scenic_text_overlay,512,512,JPEG,train
IMG_JAIL_00545,jailbreak_00545.jpg,vision_detector/dataset/jailbreak/jailbreak_00545.jpg,1,JAILBREAK,scenic_text_overlay,512,512,JPEG,train
IMG_SAFE_00276,safe_00276.jpg,vision_detector/dataset/safe/safe_00276.jpg,0,SAFE,benign_nature_visual,611,640,JPEG,train
IMG_JAIL_00228,jailbreak_00228.jpg,vision_detector/dataset/jailbreak/jailbreak_00228.jpg,1,JAILBREAK,system_dialog_injection,512,512,JPEG,train
IMG_SAFE_00152,safe_00152.jpg,vision_detector/dataset/safe/safe_00152.jpg,0,SAFE,benign_nature_visual,640,427,JPEG,train
IMG_JAIL_00206,jailbreak_00206.jpg,vision_detector/dataset/jailbreak/jailbreak_00206.jpg,1,JAILBREAK,high_contrast_typographic,512,512,JPEG,test
IMG_JAIL_00925,jailbreak_00925.jpg,vision_detector/dataset/jailbreak/jailbreak_00925.jpg,1,JAILBREAK,scenic_text_overlay,512,512,JPEG,train
IMG_SAFE_00786,safe_00786.jpg,vision_detector/dataset/safe/safe_00786.jpg,0,SAFE,benign_nature_visual,640,448,JPEG,val
IMG_JAIL_00505,jailbreak_00505.jpg,vision_detector/dataset/jailbreak/jailbreak_00505.jpg,1,JAILBREAK,scenic_text_overlay,512,512,JPEG,test
IMG_JAIL_00588,jailbreak_00588.jpg,vision_detector/dataset/jailbreak/jailbreak_00588.jpg,1,JAILBREAK,system_dialog_injection,512,512,JPEG,train
IMG_JAIL_00321,jailbreak_00321.jpg,vision_detector/dataset/jailbreak/jailbreak_00321.jpg,1,JAILBREAK,scenic_text_overlay,512,512,JPEG,train
IMG_JAIL_00168,jailbreak_00168.jpg,vision_detector/dataset/jailbreak/jailbreak_00168.jpg,1,JAILBREAK,system_dialog_injection,512,512,JPEG,train
IMG_SAFE_00619,safe_00619.jpg,vision_detector/dataset/safe/safe_00619.jpg,0,SAFE,benign_nature_visual,427,640,JPEG,train
IMG_JAIL_00184,jailbreak_00184.jpg,vision_detector/dataset/jailbreak/jailbreak_00184.jpg,1,JAILBREAK,system_dialog_injection,512,512,JPEG,val
IMG_JAIL_00008,jailbreak_00008.jpg,vision_detector/dataset/jailbreak/jailbreak_00008.jpg,1,JAILBREAK,system_dialog_injection,512,512,JPEG,train
IMG_JAIL_00478,jailbreak_00478.jpg,vision_detector/dataset/jailbreak/jailbreak_00478.jpg,1,JAILBREAK,high_contrast_typographic,512,512,JPEG,train
IMG_SAFE_00636,safe_00636.jpg,vision_detector/dataset/safe/safe_00636.jpg,0,SAFE,benign_nature_visual,360,450,JPEG,train
IMG_SAFE_00254,safe_00254.jpg,vision_detector/dataset/safe/safe_00254.jpg,0,SAFE,benign_nature_visual,640,425,JPEG,train
IMG_JAIL_00950,jailbreak_00950.jpg,vision_detector/dataset/jailbreak/jailbreak_00950.jpg,1,JAILBREAK,high_contrast_typographic,512,512,JPEG,train
IMG_SAFE_00889,safe_00889.jpg,vision_detector/dataset/safe/safe_00889.jpg,0,SAFE,benign_nature_visual,500,358,JPEG,val
IMG_SAFE_00543,safe_00543.jpg,vision_detector/dataset/safe/safe_00543.jpg,0,SAFE,benign_nature_visual,480,640,JPEG,train
IMG_SAFE_00840,safe_00840.jpg,vision_detector/dataset/safe/safe_00840.jpg,0,SAFE,benign_nature_visual,640,360,JPEG,test
IMG_JAIL_00070,jailbreak_00070.jpg,vision_detector/dataset/jailbreak/jailbreak_00070.jpg,1,JAILBREAK,high_contrast_typographic,512,512,JPEG,train
IMG_SAFE_00050,safe_00050.jpg,vision_detector/dataset/safe/safe_00050.jpg,0,SAFE,benign_nature_visual,640,427,JPEG,train
IMG_SAFE_00915,safe_00915.jpg,vision_detector/dataset/safe/safe_00915.jpg,0,SAFE,benign_nature_visual,612,612,JPEG,train
IMG_JAIL_00754,jailbreak_00754.jpg,vision_detector/dataset/jailbreak/jailbreak_00754.jpg,1,JAILBREAK,high_contrast_typographic,512,512,JPEG,train
IMG_SAFE_00174,safe_00174.jpg,vision_detector/dataset/safe/safe_00174.jpg,0,SAFE,benign_nature_visual,425,640,JPEG,train
IMG_JAIL_00019,jailbreak_00019.jpg,vision_detector/dataset/jailbreak/jailbreak_00019.jpg,1,JAILBREAK,terminal_code_injection,512,512,JPEG,train
IMG_JAIL_00722,jailbreak_00722.jpg,vision_detector/dataset/jailbreak/jailbreak_00722.jpg,1,JAILBREAK,high_contrast_typographic,512,512,JPEG,train
IMG_JAIL_00889,jailbreak_00889.jpg,vision_detector/dataset/jailbreak/jailbreak_00889.jpg,1,JAILBREAK,scenic_text_overlay,512,512,JPEG,val
IMG_JAIL_00427,jailbreak_00427.jpg,vision_detector/dataset/jailbreak/jailbreak_00427.jpg,1,JAILBREAK,terminal_code_injection,512,512,JPEG,train
IMG_JAIL_00128,jailbreak_00128.jpg,vision_detector/dataset/jailbreak/jailbreak_00128.jpg,1,JAILBREAK,system_dialog_injection,512,512,JPEG,train
IMG_JAIL_00491,jailbreak_00491.jpg,vision_detector/dataset/jailbreak/jailbreak_00491.jpg,1,JAILBREAK,terminal_code_injection,512,512,JPEG,train
IMG_SAFE_00137,safe_00137.jpg,vision_detector/dataset/safe/safe_00137.jpg,0,SAFE,benign_nature_visual,500,335,JPEG,train
IMG_SAFE_00674,safe_00674.jpg,vision_detector/dataset/safe/safe_00674.jpg,0,SAFE,benign_nature_visual,640,480,JPEG,train
IMG_SAFE_00721,safe_00721.jpg,vision_detector/dataset/safe/safe_00721.jpg,0,SAFE,benign_nature_visual,640,427,JPEG,val
IMG_SAFE_00324,safe_00324.jpg,vision_detector/dataset/safe/safe_00324.jpg,0,SAFE,benign_nature_visual,500,375,JPEG,train
IMG_SAFE_00380,safe_00380.jpg,vision_detector/dataset/safe/safe_00380.jpg,0,SAFE,benign_nature_visual,500,334,JPEG,test
IMG_SAFE_00775,safe_00775.jpg,vision_detector/dataset/safe/safe_00775.jpg,0,SAFE,benign_nature_visual,640,426,JPEG,train
IMG_SAFE_00703,safe_00703.jpg,vision_detector/dataset/safe/safe_00703.jpg,0,SAFE,benign_nature_visual,612,612,JPEG,test
IMG_SAFE_00428,safe_00428.jpg,vision_detector/dataset/safe/safe_00428.jpg,0,SAFE,benign_nature_visual,640,437,JPEG,test
IMG_JAIL_00551,jailbreak_00551.jpg,vision_detector/dataset/jailbreak/jailbreak_00551.jpg,1,JAILBREAK,terminal_code_injection,512,512,JPEG,val
IMG_JAIL_00482,jailbreak_00482.jpg,vision_detector/dataset/jailbreak/jailbreak_00482.jpg,1,JAILBREAK,high_contrast_typographic,512,512,JPEG,train
IMG_SAFE_00075,safe_00075.jpg,vision_detector/dataset/safe/safe_00075.jpg,0,SAFE,benign_nature_visual,640,429,JPEG,train
IMG_JAIL_00382,jailbreak_00382.jpg,vision_detector/dataset/jailbreak/jailbreak_00382.jpg,1,JAILBREAK,high_contrast_typographic,512,512,JPEG,train
IMG_JAIL_00497,jailbreak_00497.jpg,vision_detector/dataset/jailbreak/jailbreak_00497.jpg,1,JAILBREAK,scenic_text_overlay,512,512,JPEG,val
IMG_JAIL_00315,jailbreak_00315.jpg,vision_detector/dataset/jailbreak/jailbreak_00315.jpg,1,JAILBREAK,terminal_code_injection,512,512,JPEG,train
IMG_SAFE_00511,safe_00511.jpg,vision_detector/dataset/safe/safe_00511.jpg,0,SAFE,benign_nature_visual,500,375,JPEG,test
IMG_SAFE_00178,safe_00178.jpg,vision_detector/dataset/safe/safe_00178.jpg,0,SAFE,benign_nature_visual,640,480,JPEG,train
IMG_SAFE_00403,safe_00403.jpg,vision_detector/dataset/safe/safe_00403.jpg,0,SAFE,benign_nature_visual,500,400,JPEG,val
IMG_JAIL_00048,jailbreak_00048.jpg,vision_detector/dataset/jailbreak/jailbreak_00048.jpg,1,JAILBREAK,system_dialog_injection,512,512,JPEG,val
IMG_SAFE_00063,safe_00063.jpg,vision_detector/dataset/safe/safe_00063.jpg,0,SAFE,benign_nature_visual,640,478,JPEG,test
IMG_SAFE_00416,safe_00416.jpg,vision_detector/dataset/safe/safe_00416.jpg,0,SAFE,benign_nature_visual,612,612,JPEG,val
IMG_SAFE_00447,safe_00447.jpg,vision_detector/dataset/safe/safe_00447.jpg,0,SAFE,benign_nature_visual,500,368,JPEG,train
IMG_JAIL_00536,jailbreak_00536.jpg,vision_detector/dataset/jailbreak/jailbreak_00536.jpg,1,JAILBREAK,system_dialog_injection,512,512,JPEG,train
IMG_SAFE_00298,safe_00298.jpg,vision_detector/dataset/safe/safe_00298.jpg,0,SAFE,benign_nature_visual,640,512,JPEG,train
IMG_JAIL_00697,jailbreak_00697.jpg,vision_detector/dataset/jailbreak/jailbreak_00697.jpg,1,JAILBREAK,scenic_text_overlay,512,512,JPEG,train
IMG_JAIL_00479,jailbreak_00479.jpg,vision_detector/dataset/jailbreak/jailbreak_00479.jpg,1,JAILBREAK,terminal_code_injection,512,512,JPEG,train
IMG_JAIL_00915,jailbreak_00915.jpg,vision_detector/dataset/jailbreak/jailbreak_00915.jpg,1,JAILBREAK,terminal_code_injection,512,512,JPEG,train
IMG_JAIL_00140,jailbreak_00140.jpg,vision_detector/dataset/jailbreak/jailbreak_00140.jpg,1,JAILBREAK,system_dialog_injection,512,512,JPEG,train
IMG_SAFE_00141,safe_00141.jpg,vision_detector/dataset/safe/safe_00141.jpg,0,SAFE,benign_nature_visual,640,480,JPEG,train
IMG_SAFE_00104,safe_00104.jpg,vision_detector/dataset/safe/safe_00104.jpg,0,SAFE,benign_nature_visual,612,612,JPEG,train
IMG_JAIL_00552,jailbreak_00552.jpg,vision_detector/dataset/jailbreak/jailbreak_00552.jpg,1,JAILBREAK,system_dialog_injection,512,512,JPEG,train
IMG_SAFE_00425,safe_00425.jpg,vision_detector/dataset/safe/safe_00425.jpg,0,SAFE,benign_nature_visual,480,640,JPEG,train
IMG_SAFE_00460,safe_00460.jpg,vision_detector/dataset/safe/safe_00460.jpg,0,SAFE,benign_nature_visual,640,425,JPEG,test
IMG_SAFE_00377,safe_00377.jpg,vision_detector/dataset/safe/safe_00377.jpg,0,SAFE,benign_nature_visual,640,478,JPEG,val
IMG_SAFE_00836,safe_00836.jpg,vision_detector/dataset/safe/safe_00836.jpg,0,SAFE,benign_nature_visual,640,480,JPEG,val
IMG_JAIL_00199,jailbreak_00199.jpg,vision_detector/dataset/jailbreak/jailbreak_00199.jpg,1,JAILBREAK,terminal_code_injection,512,512,JPEG,train
IMG_SAFE_00956,safe_00956.jpg,vision_detector/dataset/safe/safe_00956.jpg,0,SAFE,benign_nature_visual,640,360,JPEG,test
IMG_JAIL_00432,jailbreak_00432.jpg,vision_detector/dataset/jailbreak/jailbreak_00432.jpg,1,JAILBREAK,system_dialog_injection,512,512,JPEG,train
IMG_JAIL_00043,jailbreak_00043.jpg,vision_detector/dataset/jailbreak/jailbreak_00043.jpg,1,JAILBREAK,terminal_code_injection,512,512,JPEG,train
IMG_JAIL_00341,jailbreak_00341.jpg,vision_detector/dataset/jailbreak/jailbreak_00341.jpg,1,JAILBREAK,scenic_text_overlay,512,512,JPEG,train
IMG_JAIL_00877,jailbreak_00877.jpg,vision_detector/dataset/jailbreak/jailbreak_00877.jpg,1,JAILBREAK,scenic_text_overlay,512,512,JPEG,train
IMG_JAIL_00038,jailbreak_00038.jpg,vision_detector/dataset/jailbreak/jailbreak_00038.jpg,1,JAILBREAK,high_contrast_typographic,512,512,JPEG,train
IMG_JAIL_00790,jailbreak_00790.jpg,vision_detector/dataset/jailbreak/jailbreak_00790.jpg,1,JAILBREAK,high_contrast_typographic,512,512,JPEG,train
IMG_JAIL_00733,jailbreak_00733.jpg,vision_detector/dataset/jailbreak/jailbreak_00733.jpg,1,JAILBREAK,scenic_text_overlay,512,512,JPEG,train
IMG_JAIL_00920,jailbreak_00920.jpg,vision_detector/dataset/jailbreak/jailbreak_00920.jpg,1,JAILBREAK,system_dialog_injection,512,512,JPEG,val
IMG_JAIL_00232,jailbreak_00232.jpg,vision_detector/dataset/jailbreak/jailbreak_00232.jpg,1,JAILBREAK,system_dialog_injection,512,512,JPEG,train
IMG_SAFE_00217,safe_00217.jpg,vision_detector/dataset/safe/safe_00217.jpg,0,SAFE,benign_nature_visual,640,213,JPEG,test
IMG_SAFE_00308,safe_00308.jpg,vision_detector/dataset/safe/safe_00308.jpg,0,SAFE,benign_nature_visual,480,640,JPEG,train
IMG_JAIL_00111,jailbreak_00111.jpg,vision_detector/dataset/jailbreak/jailbreak_00111.jpg,1,JAILBREAK,terminal_code_injection,512,512,JPEG,train
IMG_SAFE_00858,safe_00858.jpg,vision_detector/dataset/safe/safe_00858.jpg,0,SAFE,benign_nature_visual,556,640,JPEG,val
IMG_JAIL_00718,jailbreak_00718.jpg,vision_detector/dataset/jailbreak/jailbreak_00718.jpg,1,JAILBREAK,high_contrast_typographic,512,512,JPEG,train
IMG_SAFE_00587,safe_00587.jpg,vision_detector/dataset/safe/safe_00587.jpg,0,SAFE,benign_nature_visual,500,332,JPEG,train
IMG_JAIL_00069,jailbreak_00069.jpg,vision_detector/dataset/jailbreak/jailbreak_00069.jpg,1,JAILBREAK,scenic_text_overlay,512,512,JPEG,train
IMG_SAFE_00011,safe_00011.jpg,vision_detector/dataset/safe/safe_00011.jpg,0,SAFE,benign_nature_visual,640,480,JPEG,train
IMG_SAFE_00996,safe_00996.jpg,vision_detector/dataset/safe/safe_00996.jpg,0,SAFE,benign_nature_visual,640,439,JPEG,train
IMG_JAIL_00045,jailbreak_00045.jpg,vision_detector/dataset/jailbreak/jailbreak_00045.jpg,1,JAILBREAK,scenic_text_overlay,512,512,JPEG,train
IMG_SAFE_00242,safe_00242.jpg,vision_detector/dataset/safe/safe_00242.jpg,0,SAFE,benign_nature_visual,640,427,JPEG,test
IMG_JAIL_00808,jailbreak_00808.jpg,vision_detector/dataset/jailbreak/jailbreak_00808.jpg,1,JAILBREAK,system_dialog_injection,512,512,JPEG,train
IMG_SAFE_00691,safe_00691.jpg,vision_detector/dataset/safe/safe_00691.jpg,0,SAFE,benign_nature_visual,640,426,JPEG,val
IMG_JAIL_00656,jailbreak_00656.jpg,vision_detector/dataset/jailbreak/jailbreak_00656.jpg,1,JAILBREAK,system_dialog_injection,512,512,JPEG,train
IMG_SAFE_00794,safe_00794.jpg,vision_detector/dataset/safe/safe_00794.jpg,0,SAFE,benign_nature_visual,640,480,JPEG,train
IMG_JAIL_00411,jailbreak_00411.jpg,vision_detector/dataset/jailbreak/jailbreak_00411.jpg,1,JAILBREAK,terminal_code_injection,512,512,JPEG,val
IMG_SAFE_00904,safe_00904.jpg,vision_detector/dataset/safe/safe_00904.jpg,0,SAFE,benign_nature_visual,480,640,JPEG,train
IMG_SAFE_00501,safe_00501.jpg,vision_detector/dataset/safe/safe_00501.jpg,0,SAFE,benign_nature_visual,480,640,JPEG,train
IMG_JAIL_00211,jailbreak_00211.jpg,vision_detector/dataset/jailbreak/jailbreak_00211.jpg,1,JAILBREAK,terminal_code_injection,512,512,JPEG,train
IMG_SAFE_00702,safe_00702.jpg,vision_detector/dataset/safe/safe_00702.jpg,0,SAFE,benign_nature_visual,500,375,JPEG,test
IMG_SAFE_00393,safe_00393.jpg,vision_detector/dataset/safe/safe_00393.jpg,0,SAFE,benign_nature_visual,419,640,JPEG,val
IMG_JAIL_00725,jailbreak_00725.jpg,vision_detector/dataset/jailbreak/jailbreak_00725.jpg,1,JAILBREAK,scenic_text_overlay,512,512,JPEG,test
IMG_SAFE_00989,safe_00989.jpg,vision_detector/dataset/safe/safe_00989.jpg,0,SAFE,benign_nature_visual,500,281,JPEG,train
IMG_JAIL_00410,jailbreak_00410.jpg,vision_detector/dataset/jailbreak/jailbreak_00410.jpg,1,JAILBREAK,high_contrast_typographic,512,512,JPEG,train
IMG_JAIL_00177,jailbreak_00177.jpg,vision_detector/dataset/jailbreak/jailbreak_00177.jpg,1,JAILBREAK,scenic_text_overlay,512,512,JPEG,train
IMG_JAIL_00020,jailbreak_00020.jpg,vision_detector/dataset/jailbreak/jailbreak_00020.jpg,1,JAILBREAK,system_dialog_injection,512,512,JPEG,train
IMG_SAFE_00865,safe_00865.jpg,vision_detector/dataset/safe/safe_00865.jpg,0,SAFE,benign_nature_visual,427,640,JPEG,train
IMG_SAFE_00111,safe_00111.jpg,vision_detector/dataset/safe/safe_00111.jpg,0,SAFE,benign_nature_visual,640,428,JPEG,train
IMG_JAIL_00322,jailbreak_00322.jpg,vision_detector/dataset/jailbreak/jailbreak_00322.jpg,1,JAILBREAK,high_contrast_typographic,512,512,JPEG,train
IMG_SAFE_00902,safe_00902.jpg,vision_detector/dataset/safe/safe_00902.jpg,0,SAFE,benign_nature_visual,640,480,JPEG,train
IMG_SAFE_00464,safe_00464.jpg,vision_detector/dataset/safe/safe_00464.jpg,0,SAFE,benign_nature_visual,640,427,JPEG,val
IMG_SAFE_00383,safe_00383.jpg,vision_detector/dataset/safe/safe_00383.jpg,0,SAFE,benign_nature_visual,640,480,JPEG,train
IMG_JAIL_00601,jailbreak_00601.jpg,vision_detector/dataset/jailbreak/jailbreak_00601.jpg,1,JAILBREAK,scenic_text_overlay,512,512,JPEG,test
IMG_JAIL_00597,jailbreak_00597.jpg,vision_detector/dataset/jailbreak/jailbreak_00597.jpg,1,JAILBREAK,scenic_text_overlay,512,512,JPEG,train
IMG_SAFE_00963,safe_00963.jpg,vision_detector/dataset/safe/safe_00963.jpg,0,SAFE,benign_nature_visual,640,480,JPEG,test
IMG_JAIL_00275,jailbreak_00275.jpg,vision_detector/dataset/jailbreak/jailbreak_00275.jpg,1,JAILBREAK,terminal_code_injection,512,512,JPEG,train
IMG_JAIL_00338,jailbreak_00338.jpg,vision_detector/dataset/jailbreak/jailbreak_00338.jpg,1,JAILBREAK,high_contrast_typographic,512,512,JPEG,test
IMG_JAIL_00219,jailbreak_00219.jpg,vision_detector/dataset/jailbreak/jailbreak_00219.jpg,1,JAILBREAK,terminal_code_injection,512,512,JPEG,train
IMG_JAIL_00463,jailbreak_00463.jpg,vision_detector/dataset/jailbreak/jailbreak_00463.jpg,1,JAILBREAK,terminal_code_injection,512,512,JPEG,train
IMG_JAIL_00633,jailbreak_00633.jpg,vision_detector/dataset/jailbreak/jailbreak_00633.jpg,1,JAILBREAK,scenic_text_overlay,512,512,JPEG,val
IMG_JAIL_00511,jailbreak_00511.jpg,vision_detector/dataset/jailbreak/jailbreak_00511.jpg,1,JAILBREAK,terminal_code_injection,512,512,JPEG,test
IMG_SAFE_00883,safe_00883.jpg,vision_detector/dataset/safe/safe_00883.jpg,0,SAFE,benign_nature_visual,640,480,JPEG,train
IMG_SAFE_00873,safe_00873.jpg,vision_detector/dataset/safe/safe_00873.jpg,0,SAFE,benign_nature_visual,480,640,JPEG,train
IMG_JAIL_00943,jailbreak_00943.jpg,vision_detector/dataset/jailbreak/jailbreak_00943.jpg,1,JAILBREAK,terminal_code_injection,512,512,JPEG,train
IMG_SAFE_00903,safe_00903.jpg,vision_detector/dataset/safe/safe_00903.jpg,0,SAFE,benign_nature_visual,640,480,JPEG,train
IMG_JAIL_00250,jailbreak_00250.jpg,vision_detector/dataset/jailbreak/jailbreak_00250.jpg,1,JAILBREAK,high_contrast_typographic,512,512,JPEG,train
IMG_JAIL_00998,jailbreak_00998.jpg,vision_detector/dataset/jailbreak/jailbreak_00998.jpg,1,JAILBREAK,high_contrast_typographic,512,512,JPEG,train
IMG_JAIL_00241,jailbreak_00241.jpg,vision_detector/dataset/jailbreak/jailbreak_00241.jpg,1,JAILBREAK,scenic_text_overlay,512,512,JPEG,val
IMG_SAFE_00981,safe_00981.jpg,vision_detector/dataset/safe/safe_00981.jpg,0,SAFE,benign_nature_visual,640,429,JPEG,test
IMG_SAFE_00311,safe_00311.jpg,vision_detector/dataset/safe/safe_00311.jpg,0,SAFE,benign_nature_visual,640,480,JPEG,train
IMG_JAIL_00619,jailbreak_00619.jpg,vision_detector/dataset/jailbreak/jailbreak_00619.jpg,1,JAILBREAK,terminal_code_injection,512,512,JPEG,train
IMG_JAIL_00209,jailbreak_00209.jpg,vision_detector/dataset/jailbreak/jailbreak_00209.jpg,1,JAILBREAK,scenic_text_overlay,512,512,JPEG,train
IMG_JAIL_00895,jailbreak_00895.jpg,vision_detector/dataset/jailbreak/jailbreak_00895.jpg,1,JAILBREAK,terminal_code_injection,512,512,JPEG,train
IMG_JAIL_00713,jailbreak_00713.jpg,vision_detector/dataset/jailbreak/jailbreak_00713.jpg,1,JAILBREAK,scenic_text_overlay,512,512,JPEG,train
IMG_SAFE_00106,safe_00106.jpg,vision_detector/dataset/safe/safe_00106.jpg,0,SAFE,benign_nature_visual,612,612,JPEG,test
IMG_SAFE_00598,safe_00598.jpg,vision_detector/dataset/safe/safe_00598.jpg,0,SAFE,benign_nature_visual,640,480,JPEG,train
IMG_SAFE_00190,safe_00190.jpg,vision_detector/dataset/safe/safe_00190.jpg,0,SAFE,benign_nature_visual,500,333,JPEG,test
IMG_JAIL_00089,jailbreak_00089.jpg,vision_detector/dataset/jailbreak/jailbreak_00089.jpg,1,JAILBREAK,scenic_text_overlay,512,512,JPEG,train
IMG_JAIL_00622,jailbreak_00622.jpg,vision_detector/dataset/jailbreak/jailbreak_00622.jpg,1,JAILBREAK,high_contrast_typographic,512,512,JPEG,train
IMG_SAFE_00621,safe_00621.jpg,vision_detector/dataset/safe/safe_00621.jpg,0,SAFE,benign_nature_visual,640,480,JPEG,train
IMG_SAFE_00625,safe_00625.jpg,vision_detector/dataset/safe/safe_00625.jpg,0,SAFE,benign_nature_visual,427,640,JPEG,val
IMG_SAFE_00969,safe_00969.jpg,vision_detector/dataset/safe/safe_00969.jpg,0,SAFE,benign_nature_visual,486,500,JPEG,train
IMG_SAFE_00034,safe_00034.jpg,vision_detector/dataset/safe/safe_00034.jpg,0,SAFE,benign_nature_visual,640,480,JPEG,train
IMG_SAFE_00933,safe_00933.jpg,vision_detector/dataset/safe/safe_00933.jpg,0,SAFE,benign_nature_visual,640,426,JPEG,val
IMG_JAIL_00215,jailbreak_00215.jpg,vision_detector/dataset/jailbreak/jailbreak_00215.jpg,1,JAILBREAK,terminal_code_injection,512,512,JPEG,test
IMG_JAIL_00284,jailbreak_00284.jpg,vision_detector/dataset/jailbreak/jailbreak_00284.jpg,1,JAILBREAK,system_dialog_injection,512,512,JPEG,train
IMG_JAIL_00310,jailbreak_00310.jpg,vision_detector/dataset/jailbreak/jailbreak_00310.jpg,1,JAILBREAK,high_contrast_typographic,512,512,JPEG,train
IMG_JAIL_00458,jailbreak_00458.jpg,vision_detector/dataset/jailbreak/jailbreak_00458.jpg,1,JAILBREAK,high_contrast_typographic,512,512,JPEG,train
IMG_JAIL_00434,jailbreak_00434.jpg,vision_detector/dataset/jailbreak/jailbreak_00434.jpg,1,JAILBREAK,high_contrast_typographic,512,512,JPEG,train
IMG_JAIL_00972,jailbreak_00972.jpg,vision_detector/dataset/jailbreak/jailbreak_00972.jpg,1,JAILBREAK,system_dialog_injection,512,512,JPEG,train
IMG_SAFE_00014,safe_00014.jpg,vision_detector/dataset/safe/safe_00014.jpg,0,SAFE,benign_nature_visual,640,427,JPEG,test
IMG_JAIL_00825,jailbreak_00825.jpg,vision_detector/dataset/jailbreak/jailbreak_00825.jpg,1,JAILBREAK,scenic_text_overlay,512,512,JPEG,train
IMG_JAIL_00693,jailbreak_00693.jpg,vision_detector/dataset/jailbreak/jailbreak_00693.jpg,1,JAILBREAK,scenic_text_overlay,512,512,JPEG,train
IMG_SAFE_00169,safe_00169.jpg,vision_detector/dataset/safe/safe_00169.jpg,0,SAFE,benign_nature_visual,640,429,JPEG,train
IMG_JAIL_00237,jailbreak_00237.jpg,vision_detector/dataset/jailbreak/jailbreak_00237.jpg,1,JAILBREAK,scenic_text_overlay,512,512,JPEG,train
IMG_SAFE_00342,safe_00342.jpg,vision_detector/dataset/safe/safe_00342.jpg,0,SAFE,benign_nature_visual,612,612,JPEG,train
IMG_JAIL_00690,jailbreak_00690.jpg,vision_detector/dataset/jailbreak/jailbreak_00690.jpg,1,JAILBREAK,high_contrast_typographic,512,512,JPEG,train
IMG_JAIL_00487,jailbreak_00487.jpg,vision_detector/dataset/jailbreak/jailbreak_00487.jpg,1,JAILBREAK,terminal_code_injection,512,512,JPEG,train
IMG_SAFE_00749,safe_00749.jpg,vision_detector/dataset/safe/safe_00749.jpg,0,SAFE,benign_nature_visual,640,480,JPEG,test
IMG_SAFE_00832,safe_00832.jpg,vision_detector/dataset/safe/safe_00832.jpg,0,SAFE,benign_nature_visual,640,480,JPEG,test
IMG_JAIL_00440,jailbreak_00440.jpg,vision_detector/dataset/jailbreak/jailbreak_00440.jpg,1,JAILBREAK,system_dialog_injection,512,512,JPEG,train
IMG_JAIL_00896,jailbreak_00896.jpg,vision_detector/dataset/jailbreak/jailbreak_00896.jpg,1,JAILBREAK,system_dialog_injection,512,512,JPEG,train
IMG_JAIL_00359,jailbreak_00359.jpg,vision_detector/dataset/jailbreak/jailbreak_00359.jpg,1,JAILBREAK,terminal_code_injection,512,512,JPEG,val
IMG_JAIL_00634,jailbreak_00634.jpg,vision_detector/dataset/jailbreak/jailbreak_00634.jpg,1,JAILBREAK,high_contrast_typographic,512,512,JPEG,train
IMG_SAFE_00764,safe_00764.jpg,vision_detector/dataset/safe/safe_00764.jpg,0,SAFE,benign_nature_visual,500,375,JPEG,test
IMG_JAIL_00781,jailbreak_00781.jpg,vision_detector/dataset/jailbreak/jailbreak_00781.jpg,1,JAILBREAK,scenic_text_overlay,512,512,JPEG,train
IMG_SAFE_00033,safe_00033.jpg,vision_detector/dataset/safe/safe_00033.jpg,0,SAFE,benign_nature_visual,426,640,JPEG,test
IMG_SAFE_00907,safe_00907.jpg,vision_detector/dataset/safe/safe_00907.jpg,0,SAFE,benign_nature_visual,640,480,JPEG,val
IMG_SAFE_00854,safe_00854.jpg,vision_detector/dataset/safe/safe_00854.jpg,0,SAFE,benign_nature_visual,640,427,JPEG,val
IMG_SAFE_00249,safe_00249.jpg,vision_detector/dataset/safe/safe_00249.jpg,0,SAFE,benign_nature_visual,640,427,JPEG,train
IMG_SAFE_00358,safe_00358.jpg,vision_detector/dataset/safe/safe_00358.jpg,0,SAFE,benign_nature_visual,640,480,JPEG,train
IMG_SAFE_00290,safe_00290.jpg,vision_detector/dataset/safe/safe_00290.jpg,0,SAFE,benign_nature_visual,640,427,JPEG,train
IMG_JAIL_00969,jailbreak_00969.jpg,vision_detector/dataset/jailbreak/jailbreak_00969.jpg,1,JAILBREAK,scenic_text_overlay,512,512,JPEG,train
IMG_SAFE_00546,safe_00546.jpg,vision_detector/dataset/safe/safe_00546.jpg,0,SAFE,benign_nature_visual,480,640,JPEG,train
IMG_SAFE_00057,safe_00057.jpg,vision_detector/dataset/safe/safe_00057.jpg,0,SAFE,benign_nature_visual,500,373,JPEG,train
IMG_SAFE_00255,safe_00255.jpg,vision_detector/dataset/safe/safe_00255.jpg,0,SAFE,benign_nature_visual,600,400,JPEG,train
IMG_JAIL_00313,jailbreak_00313.jpg,vision_detector/dataset/jailbreak/jailbreak_00313.jpg,1,JAILBREAK,scenic_text_overlay,512,512,JPEG,train
IMG_JAIL_00836,jailbreak_00836.jpg,vision_detector/dataset/jailbreak/jailbreak_00836.jpg,1,JAILBREAK,system_dialog_injection,512,512,JPEG,val
IMG_JAIL_00468,jailbreak_00468.jpg,vision_detector/dataset/jailbreak/jailbreak_00468.jpg,1,JAILBREAK,system_dialog_injection,512,512,JPEG,train
IMG_JAIL_00239,jailbreak_00239.jpg,vision_detector/dataset/jailbreak/jailbreak_00239.jpg,1,JAILBREAK,terminal_code_injection,512,512,JPEG,train
IMG_SAFE_00155,safe_00155.jpg,vision_detector/dataset/safe/safe_00155.jpg,0,SAFE,benign_nature_visual,640,427,JPEG,train
IMG_SAFE_00055,safe_00055.jpg,vision_detector/dataset/safe/safe_00055.jpg,0,SAFE,benign_nature_visual,640,427,JPEG,train
IMG_JAIL_00936,jailbreak_00936.jpg,vision_detector/dataset/jailbreak/jailbreak_00936.jpg,1,JAILBREAK,system_dialog_injection,512,512,JPEG,train
IMG_SAFE_00977,safe_00977.jpg,vision_detector/dataset/safe/safe_00977.jpg,0,SAFE,benign_nature_visual,640,427,JPEG,test
IMG_JAIL_00498,jailbreak_00498.jpg,vision_detector/dataset/jailbreak/jailbreak_00498.jpg,1,JAILBREAK,high_contrast_typographic,512,512,JPEG,train
IMG_JAIL_00015,jailbreak_00015.jpg,vision_detector/dataset/jailbreak/jailbreak_00015.jpg,1,JAILBREAK,terminal_code_injection,512,512,JPEG,test
IMG_SAFE_00082,safe_00082.jpg,vision_detector/dataset/safe/safe_00082.jpg,0,SAFE,benign_nature_visual,640,480,JPEG,train
IMG_SAFE_00688,safe_00688.jpg,vision_detector/dataset/safe/safe_00688.jpg,0,SAFE,benign_nature_visual,640,480,JPEG,train
IMG_JAIL_00492,jailbreak_00492.jpg,vision_detector/dataset/jailbreak/jailbreak_00492.jpg,1,JAILBREAK,system_dialog_injection,512,512,JPEG,test
IMG_SAFE_00994,safe_00994.jpg,vision_detector/dataset/safe/safe_00994.jpg,0,SAFE,benign_nature_visual,640,427,JPEG,train
IMG_JAIL_00190,jailbreak_00190.jpg,vision_detector/dataset/jailbreak/jailbreak_00190.jpg,1,JAILBREAK,high_contrast_typographic,512,512,JPEG,test
IMG_JAIL_00546,jailbreak_00546.jpg,vision_detector/dataset/jailbreak/jailbreak_00546.jpg,1,JAILBREAK,high_contrast_typographic,512,512,JPEG,train
IMG_SAFE_00770,safe_00770.jpg,vision_detector/dataset/safe/safe_00770.jpg,0,SAFE,benign_nature_visual,500,375,JPEG,test
IMG_JAIL_00125,jailbreak_00125.jpg,vision_detector/dataset/jailbreak/jailbreak_00125.jpg,1,JAILBREAK,scenic_text_overlay,512,512,JPEG,train
IMG_SAFE_00638,safe_00638.jpg,vision_detector/dataset/safe/safe_00638.jpg,0,SAFE,benign_nature_visual,480,640,JPEG,val
IMG_SAFE_00830,safe_00830.jpg,vision_detector/dataset/safe/safe_00830.jpg,0,SAFE,benign_nature_visual,480,640,JPEG,train
IMG_SAFE_00081,safe_00081.jpg,vision_detector/dataset/safe/safe_00081.jpg,0,SAFE,benign_nature_visual,640,428,JPEG,test
IMG_SAFE_00886,safe_00886.jpg,vision_detector/dataset/safe/safe_00886.jpg,0,SAFE,benign_nature_visual,500,500,JPEG,train
IMG_SAFE_00054,safe_00054.jpg,vision_detector/dataset/safe/safe_00054.jpg,0,SAFE,benign_nature_visual,640,360,JPEG,train
IMG_SAFE_00113,safe_00113.jpg,vision_detector/dataset/safe/safe_00113.jpg,0,SAFE,benign_nature_visual,640,427,JPEG,val
IMG_JAIL_00160,jailbreak_00160.jpg,vision_detector/dataset/jailbreak/jailbreak_00160.jpg,1,JAILBREAK,system_dialog_injection,512,512,JPEG,val
IMG_JAIL_00323,jailbreak_00323.jpg,vision_detector/dataset/jailbreak/jailbreak_00323.jpg,1,JAILBREAK,terminal_code_injection,512,512,JPEG,train
IMG_SAFE_00203,safe_00203.jpg,vision_detector/dataset/safe/safe_00203.jpg,0,SAFE,benign_nature_visual,427,640,JPEG,val
IMG_SAFE_00782,safe_00782.jpg,vision_detector/dataset/safe/safe_00782.jpg,0,SAFE,benign_nature_visual,640,427,JPEG,train
IMG_JAIL_00064,jailbreak_00064.jpg,vision_detector/dataset/jailbreak/jailbreak_00064.jpg,1,JAILBREAK,system_dialog_injection,512,512,JPEG,train
IMG_SAFE_00554,safe_00554.jpg,vision_detector/dataset/safe/safe_00554.jpg,0,SAFE,benign_nature_visual,427,640,JPEG,val
IMG_JAIL_00952,jailbreak_00952.jpg,vision_detector/dataset/jailbreak/jailbreak_00952.jpg,1,JAILBREAK,system_dialog_injection,512,512,JPEG,train
IMG_SAFE_00980,safe_00980.jpg,vision_detector/dataset/safe/safe_00980.jpg,0,SAFE,benign_nature_visual,480,640,JPEG,train
IMG_SAFE_00087,safe_00087.jpg,vision_detector/dataset/safe/safe_00087.jpg,0,SAFE,benign_nature_visual,480,640,JPEG,train
IMG_SAFE_00833,safe_00833.jpg,vision_detector/dataset/safe/safe_00833.jpg,0,SAFE,benign_nature_visual,640,427,JPEG,train
IMG_JAIL_00822,jailbreak_00822.jpg,vision_detector/dataset/jailbreak/jailbreak_00822.jpg,1,JAILBREAK,high_contrast_typographic,512,512,JPEG,test
IMG_SAFE_00277,safe_00277.jpg,vision_detector/dataset/safe/safe_00277.jpg,0,SAFE,benign_nature_visual,640,480,JPEG,test
IMG_SAFE_00658,safe_00658.jpg,vision_detector/dataset/safe/safe_00658.jpg,0,SAFE,benign_nature_visual,480,640,JPEG,train
IMG_JAIL_00562,jailbreak_00562.jpg,vision_detector/dataset/jailbreak/jailbreak_00562.jpg,1,JAILBREAK,high_contrast_typographic,512,512,JPEG,test
IMG_SAFE_00328,safe_00328.jpg,vision_detector/dataset/safe/safe_00328.jpg,0,SAFE,benign_nature_visual,640,427,JPEG,train
IMG_SAFE_00503,safe_00503.jpg,vision_detector/dataset/safe/safe_00503.jpg,0,SAFE,benign_nature_visual,424,500,JPEG,val
IMG_JAIL_00023,jailbreak_00023.jpg,vision_detector/dataset/jailbreak/jailbreak_00023.jpg,1,JAILBREAK,terminal_code_injection,512,512,JPEG,train
IMG_JAIL_00983,jailbreak_00983.jpg,vision_detector/dataset/jailbreak/jailbreak_00983.jpg,1,JAILBREAK,terminal_code_injection,512,512,JPEG,test
IMG_SAFE_00387,safe_00387.jpg,vision_detector/dataset/safe/safe_00387.jpg,0,SAFE,benign_nature_visual,640,427,JPEG,val
IMG_SAFE_00871,safe_00871.jpg,vision_detector/dataset/safe/safe_00871.jpg,0,SAFE,benign_nature_visual,640,480,JPEG,train
IMG_JAIL_00197,jailbreak_00197.jpg,vision_detector/dataset/jailbreak/jailbreak_00197.jpg,1,JAILBREAK,scenic_text_overlay,512,512,JPEG,train
IMG_JAIL_00507,jailbreak_00507.jpg,vision_detector/dataset/jailbreak/jailbreak_00507.jpg,1,JAILBREAK,terminal_code_injection,512,512,JPEG,train
IMG_SAFE_00077,safe_00077.jpg,vision_detector/dataset/safe/safe_00077.jpg,0,SAFE,benign_nature_visual,480,640,JPEG,train
IMG_SAFE_00406,safe_00406.jpg,vision_detector/dataset/safe/safe_00406.jpg,0,SAFE,benign_nature_visual,640,427,JPEG,train
IMG_SAFE_00212,safe_00212.jpg,vision_detector/dataset/safe/safe_00212.jpg,0,SAFE,benign_nature_visual,640,480,JPEG,train
IMG_JAIL_00663,jailbreak_00663.jpg,vision_detector/dataset/jailbreak/jailbreak_00663.jpg,1,JAILBREAK,terminal_code_injection,512,512,JPEG,train
IMG_JAIL_00830,jailbreak_00830.jpg,vision_detector/dataset/jailbreak/jailbreak_00830.jpg,1,JAILBREAK,high_contrast_typographic,512,512,JPEG,train
IMG_JAIL_00220,jailbreak_00220.jpg,vision_detector/dataset/jailbreak/jailbreak_00220.jpg,1,JAILBREAK,system_dialog_injection,512,512,JPEG,val
IMG_SAFE_00747,safe_00747.jpg,vision_detector/dataset/safe/safe_00747.jpg,0,SAFE,benign_nature_visual,640,480,JPEG,train
IMG_JAIL_00761,jailbreak_00761.jpg,vision_detector/dataset/jailbreak/jailbreak_00761.jpg,1,JAILBREAK,scenic_text_overlay,512,512,JPEG,val
IMG_JAIL_00963,jailbreak_00963.jpg,vision_detector/dataset/jailbreak/jailbreak_00963.jpg,1,JAILBREAK,terminal_code_injection,512,512,JPEG,test
IMG_SAFE_00304,safe_00304.jpg,vision_detector/dataset/safe/safe_00304.jpg,0,SAFE,benign_nature_visual,640,458,JPEG,train
IMG_SAFE_00780,safe_00780.jpg,vision_detector/dataset/safe/safe_00780.jpg,0,SAFE,benign_nature_visual,640,406,JPEG,test
IMG_SAFE_00885,safe_00885.jpg,vision_detector/dataset/safe/safe_00885.jpg,0,SAFE,benign_nature_visual,500,332,JPEG,train
IMG_SAFE_00252,safe_00252.jpg,vision_detector/dataset/safe/safe_00252.jpg,0,SAFE,benign_nature_visual,640,428,JPEG,test
IMG_JAIL_00928,jailbreak_00928.jpg,vision_detector/dataset/jailbreak/jailbreak_00928.jpg,1,JAILBREAK,system_dialog_injection,512,512,JPEG,train
IMG_SAFE_00917,safe_00917.jpg,vision_detector/dataset/safe/safe_00917.jpg,0,SAFE,benign_nature_visual,500,375,JPEG,train
IMG_SAFE_00317,safe_00317.jpg,vision_detector/dataset/safe/safe_00317.jpg,0,SAFE,benign_nature_visual,500,375,JPEG,train
IMG_JAIL_00157,jailbreak_00157.jpg,vision_detector/dataset/jailbreak/jailbreak_00157.jpg,1,JAILBREAK,scenic_text_overlay,512,512,JPEG,test
IMG_JAIL_00060,jailbreak_00060.jpg,vision_detector/dataset/jailbreak/jailbreak_00060.jpg,1,JAILBREAK,system_dialog_injection,512,512,JPEG,train
IMG_SAFE_00759,safe_00759.jpg,vision_detector/dataset/safe/safe_00759.jpg,0,SAFE,benign_nature_visual,479,640,JPEG,train
IMG_JAIL_00091,jailbreak_00091.jpg,vision_detector/dataset/jailbreak/jailbreak_00091.jpg,1,JAILBREAK,terminal_code_injection,512,512,JPEG,train
IMG_JAIL_00900,jailbreak_00900.jpg,vision_detector/dataset/jailbreak/jailbreak_00900.jpg,1,JAILBREAK,system_dialog_injection,512,512,JPEG,train
IMG_SAFE_00843,safe_00843.jpg,vision_detector/dataset/safe/safe_00843.jpg,0,SAFE,benign_nature_visual,500,334,JPEG,val
IMG_JAIL_00916,jailbreak_00916.jpg,vision_detector/dataset/jailbreak/jailbreak_00916.jpg,1,JAILBREAK,system_dialog_injection,512,512,JPEG,val
IMG_SAFE_00692,safe_00692.jpg,vision_detector/dataset/safe/safe_00692.jpg,0,SAFE,benign_nature_visual,500,375,JPEG,val
IMG_JAIL_00431,jailbreak_00431.jpg,vision_detector/dataset/jailbreak/jailbreak_00431.jpg,1,JAILBREAK,terminal_code_injection,512,512,JPEG,train
IMG_JAIL_00558,jailbreak_00558.jpg,vision_detector/dataset/jailbreak/jailbreak_00558.jpg,1,JAILBREAK,high_contrast_typographic,512,512,JPEG,train
IMG_JAIL_00418,jailbreak_00418.jpg,vision_detector/dataset/jailbreak/jailbreak_00418.jpg,1,JAILBREAK,high_contrast_typographic,512,512,JPEG,train
IMG_JAIL_00100,jailbreak_00100.jpg,vision_detector/dataset/jailbreak/jailbreak_00100.jpg,1,JAILBREAK,system_dialog_injection,512,512,JPEG,test
IMG_SAFE_00667,safe_00667.jpg,vision_detector/dataset/safe/safe_00667.jpg,0,SAFE,benign_nature_visual,640,538,JPEG,train
IMG_SAFE_00372,safe_00372.jpg,vision_detector/dataset/safe/safe_00372.jpg,0,SAFE,benign_nature_visual,425,640,JPEG,train
IMG_SAFE_00301,safe_00301.jpg,vision_detector/dataset/safe/safe_00301.jpg,0,SAFE,benign_nature_visual,480,640,JPEG,train
IMG_JAIL_00604,jailbreak_00604.jpg,vision_detector/dataset/jailbreak/jailbreak_00604.jpg,1,JAILBREAK,system_dialog_injection,512,512,JPEG,train
IMG_JAIL_00582,jailbreak_00582.jpg,vision_detector/dataset/jailbreak/jailbreak_00582.jpg,1,JAILBREAK,high_contrast_typographic,512,512,JPEG,train
IMG_JAIL_00763,jailbreak_00763.jpg,vision_detector/dataset/jailbreak/jailbreak_00763.jpg,1,JAILBREAK,terminal_code_injection,512,512,JPEG,train
IMG_SAFE_00478,safe_00478.jpg,vision_detector/dataset/safe/safe_00478.jpg,0,SAFE,benign_nature_visual,375,500,JPEG,train
IMG_SAFE_00361,safe_00361.jpg,vision_detector/dataset/safe/safe_00361.jpg,0,SAFE,benign_nature_visual,640,360,JPEG,train
IMG_SAFE_00090,safe_00090.jpg,vision_detector/dataset/safe/safe_00090.jpg,0,SAFE,benign_nature_visual,640,480,JPEG,train
IMG_SAFE_00250,safe_00250.jpg,vision_detector/dataset/safe/safe_00250.jpg,0,SAFE,benign_nature_visual,500,500,JPEG,train
IMG_SAFE_00772,safe_00772.jpg,vision_detector/dataset/safe/safe_00772.jpg,0,SAFE,benign_nature_visual,480,640,JPEG,test
IMG_JAIL_00351,jailbreak_00351.jpg,vision_detector/dataset/jailbreak/jailbreak_00351.jpg,1,JAILBREAK,terminal_code_injection,512,512,JPEG,train
IMG_JAIL_00288,jailbreak_00288.jpg,vision_detector/dataset/jailbreak/jailbreak_00288.jpg,1,JAILBREAK,system_dialog_injection,512,512,JPEG,train
IMG_JAIL_00077,jailbreak_00077.jpg,vision_detector/dataset/jailbreak/jailbreak_00077.jpg,1,JAILBREAK,scenic_text_overlay,512,512,JPEG,train
IMG_JAIL_00567,jailbreak_00567.jpg,vision_detector/dataset/jailbreak/jailbreak_00567.jpg,1,JAILBREAK,terminal_code_injection,512,512,JPEG,test
IMG_SAFE_00219,safe_00219.jpg,vision_detector/dataset/safe/safe_00219.jpg,0,SAFE,benign_nature_visual,501,640,JPEG,train
IMG_JAIL_00860,jailbreak_00860.jpg,vision_detector/dataset/jailbreak/jailbreak_00860.jpg,1,JAILBREAK,system_dialog_injection,512,512,JPEG,train
IMG_JAIL_00108,jailbreak_00108.jpg,vision_detector/dataset/jailbreak/jailbreak_00108.jpg,1,JAILBREAK,system_dialog_injection,512,512,JPEG,train
IMG_JAIL_00523,jailbreak_00523.jpg,vision_detector/dataset/jailbreak/jailbreak_00523.jpg,1,JAILBREAK,terminal_code_injection,512,512,JPEG,train
IMG_JAIL_00390,jailbreak_00390.jpg,vision_detector/dataset/jailbreak/jailbreak_00390.jpg,1,JAILBREAK,high_contrast_typographic,512,512,JPEG,test
IMG_JAIL_00935,jailbreak_00935.jpg,vision_detector/dataset/jailbreak/jailbreak_00935.jpg,1,JAILBREAK,terminal_code_injection,512,512,JPEG,train
IMG_SAFE_00611,safe_00611.jpg,vision_detector/dataset/safe/safe_00611.jpg,0,SAFE,benign_nature_visual,640,427,JPEG,train
IMG_JAIL_00207,jailbreak_00207.jpg,vision_detector/dataset/jailbreak/jailbreak_00207.jpg,1,JAILBREAK,terminal_code_injection,512,512,JPEG,val
IMG_SAFE_00271,safe_00271.jpg,vision_detector/dataset/safe/safe_00271.jpg,0,SAFE,benign_nature_visual,640,427,JPEG,test
IMG_SAFE_00430,safe_00430.jpg,vision_detector/dataset/safe/safe_00430.jpg,0,SAFE,benign_nature_visual,427,640,JPEG,train
IMG_JAIL_00827,jailbreak_00827.jpg,vision_detector/dataset/jailbreak/jailbreak_00827.jpg,1,JAILBREAK,terminal_code_injection,512,512,JPEG,train
IMG_JAIL_00609,jailbreak_00609.jpg,vision_detector/dataset/jailbreak/jailbreak_00609.jpg,1,JAILBREAK,scenic_text_overlay,512,512,JPEG,val
IMG_JAIL_00861,jailbreak_00861.jpg,vision_detector/dataset/jailbreak/jailbreak_00861.jpg,1,JAILBREAK,scenic_text_overlay,512,512,JPEG,test
IMG_SAFE_00348,safe_00348.jpg,vision_detector/dataset/safe/safe_00348.jpg,0,SAFE,benign_nature_visual,480,640,JPEG,val
IMG_SAFE_00321,safe_00321.jpg,vision_detector/dataset/safe/safe_00321.jpg,0,SAFE,benign_nature_visual,640,426,JPEG,train
IMG_SAFE_00551,safe_00551.jpg,vision_detector/dataset/safe/safe_00551.jpg,0,SAFE,benign_nature_visual,640,480,JPEG,val
IMG_JAIL_00926,jailbreak_00926.jpg,vision_detector/dataset/jailbreak/jailbreak_00926.jpg,1,JAILBREAK,high_contrast_typographic,512,512,JPEG,train
IMG_JAIL_00469,jailbreak_00469.jpg,vision_detector/dataset/jailbreak/jailbreak_00469.jpg,1,JAILBREAK,scenic_text_overlay,512,512,JPEG,train
IMG_JAIL_00227,jailbreak_00227.jpg,vision_detector/dataset/jailbreak/jailbreak_00227.jpg,1,JAILBREAK,terminal_code_injection,512,512,JPEG,train
IMG_JAIL_00732,jailbreak_00732.jpg,vision_detector/dataset/jailbreak/jailbreak_00732.jpg,1,JAILBREAK,system_dialog_injection,512,512,JPEG,train
IMG_SAFE_00330,safe_00330.jpg,vision_detector/dataset/safe/safe_00330.jpg,0,SAFE,benign_nature_visual,640,480,JPEG,train
IMG_SAFE_00350,safe_00350.jpg,vision_detector/dataset/safe/safe_00350.jpg,0,SAFE,benign_nature_visual,640,428,JPEG,train
IMG_JAIL_00248,jailbreak_00248.jpg,vision_detector/dataset/jailbreak/jailbreak_00248.jpg,1,JAILBREAK,system_dialog_injection,512,512,JPEG,train
IMG_JAIL_00295,jailbreak_00295.jpg,vision_detector/dataset/jailbreak/jailbreak_00295.jpg,1,JAILBREAK,terminal_code_injection,512,512,JPEG,train
IMG_SAFE_00958,safe_00958.jpg,vision_detector/dataset/safe/safe_00958.jpg,0,SAFE,benign_nature_visual,640,425,JPEG,val
IMG_SAFE_00336,safe_00336.jpg,vision_detector/dataset/safe/safe_00336.jpg,0,SAFE,benign_nature_visual,480,640,JPEG,train
IMG_SAFE_00719,safe_00719.jpg,vision_detector/dataset/safe/safe_00719.jpg,0,SAFE,benign_nature_visual,480,640,JPEG,train
IMG_JAIL_00035,jailbreak_00035.jpg,vision_detector/dataset/jailbreak/jailbreak_00035.jpg,1,JAILBREAK,terminal_code_injection,512,512,JPEG,test
IMG_JAIL_00815,jailbreak_00815.jpg,vision_detector/dataset/jailbreak/jailbreak_00815.jpg,1,JAILBREAK,terminal_code_injection,512,512,JPEG,val
IMG_JAIL_00944,jailbreak_00944.jpg,vision_detector/dataset/jailbreak/jailbreak_00944.jpg,1,JAILBREAK,system_dialog_injection,512,512,JPEG,train
IMG_JAIL_00644,jailbreak_00644.jpg,vision_detector/dataset/jailbreak/jailbreak_00644.jpg,1,JAILBREAK,system_dialog_injection,512,512,JPEG,train
IMG_SAFE_00506,safe_00506.jpg,vision_detector/dataset/safe/safe_00506.jpg,0,SAFE,benign_nature_visual,500,400,JPEG,val
IMG_SAFE_00185,safe_00185.jpg,vision_detector/dataset/safe/safe_00185.jpg,0,SAFE,benign_nature_visual,640,360,JPEG,train
IMG_SAFE_00785,safe_00785.jpg,vision_detector/dataset/safe/safe_00785.jpg,0,SAFE,benign_nature_visual,427,640,JPEG,val
IMG_JAIL_00747,jailbreak_00747.jpg,vision_detector/dataset/jailbreak/jailbreak_00747.jpg,1,JAILBREAK,terminal_code_injection,512,512,JPEG,train
IMG_JAIL_00067,jailbreak_00067.jpg,vision_detector/dataset/jailbreak/jailbreak_00067.jpg,1,JAILBREAK,terminal_code_injection,512,512,JPEG,train
IMG_SAFE_00398,safe_00398.jpg,vision_detector/dataset/safe/safe_00398.jpg,0,SAFE,benign_nature_visual,640,480,JPEG,val
IMG_SAFE_00295,safe_00295.jpg,vision_detector/dataset/safe/safe_00295.jpg,0,SAFE,benign_nature_visual,640,443,JPEG,train
IMG_SAFE_00580,safe_00580.jpg,vision_detector/dataset/safe/safe_00580.jpg,0,SAFE,benign_nature_visual,557,640,JPEG,train
IMG_JAIL_00402,jailbreak_00402.jpg,vision_detector/dataset/jailbreak/jailbreak_00402.jpg,1,JAILBREAK,high_contrast_typographic,512,512,JPEG,test
IMG_SAFE_00226,safe_00226.jpg,vision_detector/dataset/safe/safe_00226.jpg,0,SAFE,benign_nature_visual,500,336,JPEG,train
IMG_SAFE_00853,safe_00853.jpg,vision_detector/dataset/safe/safe_00853.jpg,0,SAFE,benign_nature_visual,640,480,JPEG,train
IMG_SAFE_00632,safe_00632.jpg,vision_detector/dataset/safe/safe_00632.jpg,0,SAFE,benign_nature_visual,640,443,JPEG,train
IMG_SAFE_00831,safe_00831.jpg,vision_detector/dataset/safe/safe_00831.jpg,0,SAFE,benign_nature_visual,375,500,JPEG,train
IMG_SAFE_00316,safe_00316.jpg,vision_detector/dataset/safe/safe_00316.jpg,0,SAFE,benign_nature_visual,326,500,JPEG,test
IMG_SAFE_00575,safe_00575.jpg,vision_detector/dataset/safe/safe_00575.jpg,0,SAFE,benign_nature_visual,600,402,JPEG,val
IMG_SAFE_00499,safe_00499.jpg,vision_detector/dataset/safe/safe_00499.jpg,0,SAFE,benign_nature_visual,640,428,JPEG,test
IMG_SAFE_00925,safe_00925.jpg,vision_detector/dataset/safe/safe_00925.jpg,0,SAFE,benign_nature_visual,640,480,JPEG,train
IMG_JAIL_00174,jailbreak_00174.jpg,vision_detector/dataset/jailbreak/jailbreak_00174.jpg,1,JAILBREAK,high_contrast_typographic,512,512,JPEG,train
IMG_JAIL_00721,jailbreak_00721.jpg,vision_detector/dataset/jailbreak/jailbreak_00721.jpg,1,JAILBREAK,scenic_text_overlay,512,512,JPEG,val
IMG_SAFE_00615,safe_00615.jpg,vision_detector/dataset/safe/safe_00615.jpg,0,SAFE,benign_nature_visual,640,480,JPEG,test
IMG_SAFE_00065,safe_00065.jpg,vision_detector/dataset/safe/safe_00065.jpg,0,SAFE,benign_nature_visual,640,423,JPEG,test
IMG_SAFE_00649,safe_00649.jpg,vision_detector/dataset/safe/safe_00649.jpg,0,SAFE,benign_nature_visual,640,479,JPEG,val
IMG_JAIL_00709,jailbreak_00709.jpg,vision_detector/dataset/jailbreak/jailbreak_00709.jpg,1,JAILBREAK,scenic_text_overlay,512,512,JPEG,train
IMG_JAIL_00103,jailbreak_00103.jpg,vision_detector/dataset/jailbreak/jailbreak_00103.jpg,1,JAILBREAK,terminal_code_injection,512,512,JPEG,test
IMG_SAFE_00412,safe_00412.jpg,vision_detector/dataset/safe/safe_00412.jpg,0,SAFE,benign_nature_visual,500,375,JPEG,train
IMG_JAIL_00661,jailbreak_00661.jpg,vision_detector/dataset/jailbreak/jailbreak_00661.jpg,1,JAILBREAK,scenic_text_overlay,512,512,JPEG,train
IMG_JAIL_00280,jailbreak_00280.jpg,vision_detector/dataset/jailbreak/jailbreak_00280.jpg,1,JAILBREAK,system_dialog_injection,512,512,JPEG,val
IMG_SAFE_00267,safe_00267.jpg,vision_detector/dataset/safe/safe_00267.jpg,0,SAFE,benign_nature_visual,640,427,JPEG,train
IMG_JAIL_00967,jailbreak_00967.jpg,vision_detector/dataset/jailbreak/jailbreak_00967.jpg,1,JAILBREAK,terminal_code_injection,512,512,JPEG,train
IMG_JAIL_00398,jailbreak_00398.jpg,vision_detector/dataset/jailbreak/jailbreak_00398.jpg,1,JAILBREAK,high_contrast_typographic,512,512,JPEG,val
IMG_SAFE_00654,safe_00654.jpg,vision_detector/dataset/safe/safe_00654.jpg,0,SAFE,benign_nature_visual,640,482,JPEG,train
IMG_JAIL_00741,jailbreak_00741.jpg,vision_detector/dataset/jailbreak/jailbreak_00741.jpg,1,JAILBREAK,scenic_text_overlay,512,512,JPEG,train
IMG_JAIL_00040,jailbreak_00040.jpg,vision_detector/dataset/jailbreak/jailbreak_00040.jpg,1,JAILBREAK,system_dialog_injection,512,512,JPEG,train
IMG_SAFE_00930,safe_00930.jpg,vision_detector/dataset/safe/safe_00930.jpg,0,SAFE,benign_nature_visual,640,480,JPEG,val
IMG_JAIL_00506,jailbreak_00506.jpg,vision_detector/dataset/jailbreak/jailbreak_00506.jpg,1,JAILBREAK,high_contrast_typographic,512,512,JPEG,val
IMG_SAFE_00779,safe_00779.jpg,vision_detector/dataset/safe/safe_00779.jpg,0,SAFE,benign_nature_visual,479,640,JPEG,train
IMG_JAIL_00029,jailbreak_00029.jpg,vision_detector/dataset/jailbreak/jailbreak_00029.jpg,1,JAILBREAK,scenic_text_overlay,512,512,JPEG,train
IMG_JAIL_00269,jailbreak_00269.jpg,vision_detector/dataset/jailbreak/jailbreak_00269.jpg,1,JAILBREAK,scenic_text_overlay,512,512,JPEG,train
IMG_SAFE_00708,safe_00708.jpg,vision_detector/dataset/safe/safe_00708.jpg,0,SAFE,benign_nature_visual,640,529,JPEG,train
IMG_SAFE_00322,safe_00322.jpg,vision_detector/dataset/safe/safe_00322.jpg,0,SAFE,benign_nature_visual,500,375,JPEG,train
IMG_JAIL_00823,jailbreak_00823.jpg,vision_detector/dataset/jailbreak/jailbreak_00823.jpg,1,JAILBREAK,terminal_code_injection,512,512,JPEG,train
IMG_JAIL_00828,jailbreak_00828.jpg,vision_detector/dataset/jailbreak/jailbreak_00828.jpg,1,JAILBREAK,system_dialog_injection,512,512,JPEG,train
IMG_SAFE_00354,safe_00354.jpg,vision_detector/dataset/safe/safe_00354.jpg,0,SAFE,benign_nature_visual,640,480,JPEG,train
IMG_SAFE_00571,safe_00571.jpg,vision_detector/dataset/safe/safe_00571.jpg,0,SAFE,benign_nature_visual,500,346,JPEG,train
IMG_JAIL_00694,jailbreak_00694.jpg,vision_detector/dataset/jailbreak/jailbreak_00694.jpg,1,JAILBREAK,high_contrast_typographic,512,512,JPEG,train
IMG_SAFE_00123,safe_00123.jpg,vision_detector/dataset/safe/safe_00123.jpg,0,SAFE,benign_nature_visual,472,640,JPEG,val
IMG_SAFE_00218,safe_00218.jpg,vision_detector/dataset/safe/safe_00218.jpg,0,SAFE,benign_nature_visual,640,538,JPEG,val
IMG_JAIL_00074,jailbreak_00074.jpg,vision_detector/dataset/jailbreak/jailbreak_00074.jpg,1,JAILBREAK,high_contrast_typographic,512,512,JPEG,train
IMG_JAIL_00433,jailbreak_00433.jpg,vision_detector/dataset/jailbreak/jailbreak_00433.jpg,1,JAILBREAK,scenic_text_overlay,512,512,JPEG,train
IMG_JAIL_00299,jailbreak_00299.jpg,vision_detector/dataset/jailbreak/jailbreak_00299.jpg,1,JAILBREAK,terminal_code_injection,512,512,JPEG,train
IMG_SAFE_00410,safe_00410.jpg,vision_detector/dataset/safe/safe_00410.jpg,0,SAFE,benign_nature_visual,365,500,JPEG,train
IMG_SAFE_00192,safe_00192.jpg,vision_detector/dataset/safe/safe_00192.jpg,0,SAFE,benign_nature_visual,612,612,JPEG,test
IMG_SAFE_00504,safe_00504.jpg,vision_detector/dataset/safe/safe_00504.jpg,0,SAFE,benign_nature_visual,640,480,JPEG,train
IMG_SAFE_00998,safe_00998.jpg,vision_detector/dataset/safe/safe_00998.jpg,0,SAFE,benign_nature_visual,585,640,JPEG,train
IMG_SAFE_00539,safe_00539.jpg,vision_detector/dataset/safe/safe_00539.jpg,0,SAFE,benign_nature_visual,480,640,JPEG,train
IMG_SAFE_00080,safe_00080.jpg,vision_detector/dataset/safe/safe_00080.jpg,0,SAFE,benign_nature_visual,630,640,JPEG,train
IMG_SAFE_00320,safe_00320.jpg,vision_detector/dataset/safe/safe_00320.jpg,0,SAFE,benign_nature_visual,640,480,JPEG,train
IMG_SAFE_00808,safe_00808.jpg,vision_detector/dataset/safe/safe_00808.jpg,0,SAFE,benign_nature_visual,640,582,JPEG,train
IMG_SAFE_00199,safe_00199.jpg,vision_detector/dataset/safe/safe_00199.jpg,0,SAFE,benign_nature_visual,500,334,JPEG,train
IMG_SAFE_00270,safe_00270.jpg,vision_detector/dataset/safe/safe_00270.jpg,0,SAFE,benign_nature_visual,640,480,JPEG,test
IMG_JAIL_00259,jailbreak_00259.jpg,vision_detector/dataset/jailbreak/jailbreak_00259.jpg,1,JAILBREAK,terminal_code_injection,512,512,JPEG,val
IMG_SAFE_00207,safe_00207.jpg,vision_detector/dataset/safe/safe_00207.jpg,0,SAFE,benign_nature_visual,640,480,JPEG,val
IMG_JAIL_00201,jailbreak_00201.jpg,vision_detector/dataset/jailbreak/jailbreak_00201.jpg,1,JAILBREAK,scenic_text_overlay,512,512,JPEG,test
IMG_SAFE_00339,safe_00339.jpg,vision_detector/dataset/safe/safe_00339.jpg,0,SAFE,benign_nature_visual,640,640,JPEG,train
IMG_SAFE_00206,safe_00206.jpg,vision_detector/dataset/safe/safe_00206.jpg,0,SAFE,benign_nature_visual,640,480,JPEG,test
IMG_SAFE_00076,safe_00076.jpg,vision_detector/dataset/safe/safe_00076.jpg,0,SAFE,benign_nature_visual,375,500,JPEG,train
IMG_SAFE_00442,safe_00442.jpg,vision_detector/dataset/safe/safe_00442.jpg,0,SAFE,benign_nature_visual,640,426,JPEG,val
IMG_JAIL_00162,jailbreak_00162.jpg,vision_detector/dataset/jailbreak/jailbreak_00162.jpg,1,JAILBREAK,high_contrast_typographic,512,512,JPEG,test
IMG_JAIL_00543,jailbreak_00543.jpg,vision_detector/dataset/jailbreak/jailbreak_00543.jpg,1,JAILBREAK,terminal_code_injection,512,512,JPEG,train
IMG_JAIL_00079,jailbreak_00079.jpg,vision_detector/dataset/jailbreak/jailbreak_00079.jpg,1,JAILBREAK,terminal_code_injection,512,512,JPEG,train
IMG_SAFE_00110,safe_00110.jpg,vision_detector/dataset/safe/safe_00110.jpg,0,SAFE,benign_nature_visual,480,640,JPEG,train
IMG_JAIL_00683,jailbreak_00683.jpg,vision_detector/dataset/jailbreak/jailbreak_00683.jpg,1,JAILBREAK,terminal_code_injection,512,512,JPEG,train
IMG_JAIL_00446,jailbreak_00446.jpg,vision_detector/dataset/jailbreak/jailbreak_00446.jpg,1,JAILBREAK,high_contrast_typographic,512,512,JPEG,train
IMG_SAFE_00385,safe_00385.jpg,vision_detector/dataset/safe/safe_00385.jpg,0,SAFE,benign_nature_visual,640,426,JPEG,val
IMG_JAIL_00736,jailbreak_00736.jpg,vision_detector/dataset/jailbreak/jailbreak_00736.jpg,1,JAILBREAK,system_dialog_injection,512,512,JPEG,val
IMG_SAFE_00498,safe_00498.jpg,vision_detector/dataset/safe/safe_00498.jpg,0,SAFE,benign_nature_visual,640,480,JPEG,train
IMG_SAFE_00942,safe_00942.jpg,vision_detector/dataset/safe/safe_00942.jpg,0,SAFE,benign_nature_visual,480,640,JPEG,train
IMG_SAFE_00561,safe_00561.jpg,vision_detector/dataset/safe/safe_00561.jpg,0,SAFE,benign_nature_visual,640,480,JPEG,test
IMG_SAFE_00201,safe_00201.jpg,vision_detector/dataset/safe/safe_00201.jpg,0,SAFE,benign_nature_visual,480,640,JPEG,test
IMG_JAIL_00531,jailbreak_00531.jpg,vision_detector/dataset/jailbreak/jailbreak_00531.jpg,1,JAILBREAK,terminal_code_injection,512,512,JPEG,train
IMG_SAFE_00512,safe_00512.jpg,vision_detector/dataset/safe/safe_00512.jpg,0,SAFE,benign_nature_visual,500,375,JPEG,train
IMG_SAFE_00037,safe_00037.jpg,vision_detector/dataset/safe/safe_00037.jpg,0,SAFE,benign_nature_visual,640,288,JPEG,train
IMG_JAIL_01000,jailbreak_01000.jpg,vision_detector/dataset/jailbreak/jailbreak_01000.jpg,1,JAILBREAK,system_dialog_injection,512,512,JPEG,train
IMG_SAFE_00967,safe_00967.jpg,vision_detector/dataset/safe/safe_00967.jpg,0,SAFE,benign_nature_visual,640,480,JPEG,train
IMG_JAIL_00703,jailbreak_00703.jpg,vision_detector/dataset/jailbreak/jailbreak_00703.jpg,1,JAILBREAK,terminal_code_injection,512,512,JPEG,test
IMG_SAFE_00884,safe_00884.jpg,vision_detector/dataset/safe/safe_00884.jpg,0,SAFE,benign_nature_visual,640,426,JPEG,train
IMG_SAFE_00446,safe_00446.jpg,vision_detector/dataset/safe/safe_00446.jpg,0,SAFE,benign_nature_visual,612,612,JPEG,train
IMG_JAIL_00553,jailbreak_00553.jpg,vision_detector/dataset/jailbreak/jailbreak_00553.jpg,1,JAILBREAK,scenic_text_overlay,512,512,JPEG,train
IMG_JAIL_00784,jailbreak_00784.jpg,vision_detector/dataset/jailbreak/jailbreak_00784.jpg,1,JAILBREAK,system_dialog_injection,512,512,JPEG,train
IMG_JAIL_00161,jailbreak_00161.jpg,vision_detector/dataset/jailbreak/jailbreak_00161.jpg,1,JAILBREAK,scenic_text_overlay,512,512,JPEG,test
IMG_SAFE_00092,safe_00092.jpg,vision_detector/dataset/safe/safe_00092.jpg,0,SAFE,benign_nature_visual,640,427,JPEG,test
IMG_SAFE_00131,safe_00131.jpg,vision_detector/dataset/safe/safe_00131.jpg,0,SAFE,benign_nature_visual,640,427,JPEG,test
IMG_JAIL_00253,jailbreak_00253.jpg,vision_detector/dataset/jailbreak/jailbreak_00253.jpg,1,JAILBREAK,scenic_text_overlay,512,512,JPEG,test
IMG_SAFE_00949,safe_00949.jpg,vision_detector/dataset/safe/safe_00949.jpg,0,SAFE,benign_nature_visual,640,310,JPEG,train
IMG_JAIL_00073,jailbreak_00073.jpg,vision_detector/dataset/jailbreak/jailbreak_00073.jpg,1,JAILBREAK,scenic_text_overlay,512,512,JPEG,train
IMG_SAFE_00021,safe_00021.jpg,vision_detector/dataset/safe/safe_00021.jpg,0,SAFE,benign_nature_visual,612,612,JPEG,test
IMG_JAIL_00700,jailbreak_00700.jpg,vision_detector/dataset/jailbreak/jailbreak_00700.jpg,1,JAILBREAK,system_dialog_injection,512,512,JPEG,test
IMG_JAIL_00580,jailbreak_00580.jpg,vision_detector/dataset/jailbreak/jailbreak_00580.jpg,1,JAILBREAK,system_dialog_injection,512,512,JPEG,train
IMG_SAFE_00191,safe_00191.jpg,vision_detector/dataset/safe/safe_00191.jpg,0,SAFE,benign_nature_visual,612,612,JPEG,train
IMG_SAFE_00495,safe_00495.jpg,vision_detector/dataset/safe/safe_00495.jpg,0,SAFE,benign_nature_visual,640,480,JPEG,train
IMG_SAFE_00441,safe_00441.jpg,vision_detector/dataset/safe/safe_00441.jpg,0,SAFE,benign_nature_visual,640,480,JPEG,train
IMG_SAFE_00445,safe_00445.jpg,vision_detector/dataset/safe/safe_00445.jpg,0,SAFE,benign_nature_visual,500,334,JPEG,train
IMG_JAIL_00959,jailbreak_00959.jpg,vision_detector/dataset/jailbreak/jailbreak_00959.jpg,1,JAILBREAK,terminal_code_injection,512,512,JPEG,val
IMG_JAIL_00932,jailbreak_00932.jpg,vision_detector/dataset/jailbreak/jailbreak_00932.jpg,1,JAILBREAK,system_dialog_injection,512,512,JPEG,val
IMG_JAIL_00053,jailbreak_00053.jpg,vision_detector/dataset/jailbreak/jailbreak_00053.jpg,1,JAILBREAK,scenic_text_overlay,512,512,JPEG,test
IMG_JAIL_00615,jailbreak_00615.jpg,vision_detector/dataset/jailbreak/jailbreak_00615.jpg,1,JAILBREAK,terminal_code_injection,512,512,JPEG,test
IMG_SAFE_00180,safe_00180.jpg,vision_detector/dataset/safe/safe_00180.jpg,0,SAFE,benign_nature_visual,640,480,JPEG,train
IMG_JAIL_00373,jailbreak_00373.jpg,vision_detector/dataset/jailbreak/jailbreak_00373.jpg,1,JAILBREAK,scenic_text_overlay,512,512,JPEG,test
IMG_JAIL_00544,jailbreak_00544.jpg,vision_detector/dataset/jailbreak/jailbreak_00544.jpg,1,JAILBREAK,system_dialog_injection,512,512,JPEG,train
IMG_SAFE_00922,safe_00922.jpg,vision_detector/dataset/safe/safe_00922.jpg,0,SAFE,benign_nature_visual,428,640,JPEG,train
IMG_SAFE_00698,safe_00698.jpg,vision_detector/dataset/safe/safe_00698.jpg,0,SAFE,benign_nature_visual,426,640,JPEG,train
IMG_JAIL_00800,jailbreak_00800.jpg,vision_detector/dataset/jailbreak/jailbreak_00800.jpg,1,JAILBREAK,system_dialog_injection,512,512,JPEG,train
IMG_JAIL_00409,jailbreak_00409.jpg,vision_detector/dataset/jailbreak/jailbreak_00409.jpg,1,JAILBREAK,scenic_text_overlay,512,512,JPEG,train
IMG_SAFE_00281,safe_00281.jpg,vision_detector/dataset/safe/safe_00281.jpg,0,SAFE,benign_nature_visual,471,640,JPEG,train
IMG_JAIL_00435,jailbreak_00435.jpg,vision_detector/dataset/jailbreak/jailbreak_00435.jpg,1,JAILBREAK,terminal_code_injection,512,512,JPEG,train
IMG_JAIL_00591,jailbreak_00591.jpg,vision_detector/dataset/jailbreak/jailbreak_00591.jpg,1,JAILBREAK,terminal_code_injection,512,512,JPEG,train
IMG_JAIL_00192,jailbreak_00192.jpg,vision_detector/dataset/jailbreak/jailbreak_00192.jpg,1,JAILBREAK,system_dialog_injection,512,512,JPEG,test
IMG_SAFE_00513,safe_00513.jpg,vision_detector/dataset/safe/safe_00513.jpg,0,SAFE,benign_nature_visual,640,273,JPEG,train
IMG_JAIL_00447,jailbreak_00447.jpg,vision_detector/dataset/jailbreak/jailbreak_00447.jpg,1,JAILBREAK,terminal_code_injection,512,512,JPEG,train
IMG_SAFE_00163,safe_00163.jpg,vision_detector/dataset/safe/safe_00163.jpg,0,SAFE,benign_nature_visual,427,640,JPEG,train
IMG_JAIL_00512,jailbreak_00512.jpg,vision_detector/dataset/jailbreak/jailbreak_00512.jpg,1,JAILBREAK,system_dialog_injection,512,512,JPEG,train
IMG_JAIL_00320,jailbreak_00320.jpg,vision_detector/dataset/jailbreak/jailbreak_00320.jpg,1,JAILBREAK,system_dialog_injection,512,512,JPEG,train
IMG_JAIL_00994,jailbreak_00994.jpg,vision_detector/dataset/jailbreak/jailbreak_00994.jpg,1,JAILBREAK,high_contrast_typographic,512,512,JPEG,train
IMG_JAIL_00794,jailbreak_00794.jpg,vision_detector/dataset/jailbreak/jailbreak_00794.jpg,1,JAILBREAK,high_contrast_typographic,512,512,JPEG,train
IMG_SAFE_00059,safe_00059.jpg,vision_detector/dataset/safe/safe_00059.jpg,0,SAFE,benign_nature_visual,640,426,JPEG,test
IMG_JAIL_00493,jailbreak_00493.jpg,vision_detector/dataset/jailbreak/jailbreak_00493.jpg,1,JAILBREAK,scenic_text_overlay,512,512,JPEG,test
IMG_SAFE_00291,safe_00291.jpg,vision_detector/dataset/safe/safe_00291.jpg,0,SAFE,benign_nature_visual,480,640,JPEG,train
IMG_SAFE_00804,safe_00804.jpg,vision_detector/dataset/safe/safe_00804.jpg,0,SAFE,benign_nature_visual,640,640,JPEG,val
IMG_JAIL_00049,jailbreak_00049.jpg,vision_detector/dataset/jailbreak/jailbreak_00049.jpg,1,JAILBREAK,scenic_text_overlay,512,512,JPEG,train
IMG_SAFE_00003,safe_00003.jpg,vision_detector/dataset/safe/safe_00003.jpg,0,SAFE,benign_nature_visual,427,640,JPEG,train
IMG_SAFE_00102,safe_00102.jpg,vision_detector/dataset/safe/safe_00102.jpg,0,SAFE,benign_nature_visual,640,487,JPEG,train
IMG_JAIL_00786,jailbreak_00786.jpg,vision_detector/dataset/jailbreak/jailbreak_00786.jpg,1,JAILBREAK,high_contrast_typographic,512,512,JPEG,val
IMG_SAFE_00369,safe_00369.jpg,vision_detector/dataset/safe/safe_00369.jpg,0,SAFE,benign_nature_visual,640,426,JPEG,train
IMG_JAIL_00244,jailbreak_00244.jpg,vision_detector/dataset/jailbreak/jailbreak_00244.jpg,1,JAILBREAK,system_dialog_injection,512,512,JPEG,test
IMG_JAIL_00991,jailbreak_00991.jpg,vision_detector/dataset/jailbreak/jailbreak_00991.jpg,1,JAILBREAK,terminal_code_injection,512,512,JPEG,train
IMG_SAFE_00537,safe_00537.jpg,vision_detector/dataset/safe/safe_00537.jpg,0,SAFE,benign_nature_visual,640,480,JPEG,train
IMG_SAFE_00585,safe_00585.jpg,vision_detector/dataset/safe/safe_00585.jpg,0,SAFE,benign_nature_visual,640,426,JPEG,train
IMG_SAFE_00920,safe_00920.jpg,vision_detector/dataset/safe/safe_00920.jpg,0,SAFE,benign_nature_visual,480,640,JPEG,val
IMG_JAIL_00278,jailbreak_00278.jpg,vision_detector/dataset/jailbreak/jailbreak_00278.jpg,1,JAILBREAK,high_contrast_typographic,512,512,JPEG,train
IMG_JAIL_00758,jailbreak_00758.jpg,vision_detector/dataset/jailbreak/jailbreak_00758.jpg,1,JAILBREAK,high_contrast_typographic,512,512,JPEG,train
IMG_SAFE_00458,safe_00458.jpg,vision_detector/dataset/safe/safe_00458.jpg,0,SAFE,benign_nature_visual,640,427,JPEG,train
IMG_JAIL_00624,jailbreak_00624.jpg,vision_detector/dataset/jailbreak/jailbreak_00624.jpg,1,JAILBREAK,system_dialog_injection,512,512,JPEG,train
IMG_JAIL_00460,jailbreak_00460.jpg,vision_detector/dataset/jailbreak/jailbreak_00460.jpg,1,JAILBREAK,system_dialog_injection,512,512,JPEG,test
IMG_SAFE_00652,safe_00652.jpg,vision_detector/dataset/safe/safe_00652.jpg,0,SAFE,benign_nature_visual,640,480,JPEG,train
IMG_JAIL_00099,jailbreak_00099.jpg,vision_detector/dataset/jailbreak/jailbreak_00099.jpg,1,JAILBREAK,terminal_code_injection,512,512,JPEG,val
IMG_SAFE_00952,safe_00952.jpg,vision_detector/dataset/safe/safe_00952.jpg,0,SAFE,benign_nature_visual,640,425,JPEG,train
IMG_JAIL_00349,jailbreak_00349.jpg,vision_detector/dataset/jailbreak/jailbreak_00349.jpg,1,JAILBREAK,scenic_text_overlay,512,512,JPEG,val
IMG_JAIL_00908,jailbreak_00908.jpg,vision_detector/dataset/jailbreak/jailbreak_00908.jpg,1,JAILBREAK,system_dialog_injection,512,512,JPEG,train
IMG_JAIL_00061,jailbreak_00061.jpg,vision_detector/dataset/jailbreak/jailbreak_00061.jpg,1,JAILBREAK,scenic_text_overlay,512,512,JPEG,train
IMG_JAIL_00711,jailbreak_00711.jpg,vision_detector/dataset/jailbreak/jailbreak_00711.jpg,1,JAILBREAK,terminal_code_injection,512,512,JPEG,train
IMG_JAIL_00204,jailbreak_00204.jpg,vision_detector/dataset/jailbreak/jailbreak_00204.jpg,1,JAILBREAK,system_dialog_injection,512,512,JPEG,train
IMG_JAIL_00831,jailbreak_00831.jpg,vision_detector/dataset/jailbreak/jailbreak_00831.jpg,1,JAILBREAK,terminal_code_injection,512,512,JPEG,train
IMG_JAIL_00542,jailbreak_00542.jpg,vision_detector/dataset/jailbreak/jailbreak_00542.jpg,1,JAILBREAK,high_contrast_typographic,512,512,JPEG,train
IMG_JAIL_00575,jailbreak_00575.jpg,vision_detector/dataset/jailbreak/jailbreak_00575.jpg,1,JAILBREAK,terminal_code_injection,512,512,JPEG,val
IMG_SAFE_00557,safe_00557.jpg,vision_detector/dataset/safe/safe_00557.jpg,0,SAFE,benign_nature_visual,500,318,JPEG,val
IMG_JAIL_00256,jailbreak_00256.jpg,vision_detector/dataset/jailbreak/jailbreak_00256.jpg,1,JAILBREAK,system_dialog_injection,512,512,JPEG,train
IMG_SAFE_00596,safe_00596.jpg,vision_detector/dataset/safe/safe_00596.jpg,0,SAFE,benign_nature_visual,640,480,JPEG,train
IMG_SAFE_00476,safe_00476.jpg,vision_detector/dataset/safe/safe_00476.jpg,0,SAFE,benign_nature_visual,640,480,JPEG,test
IMG_JAIL_00356,jailbreak_00356.jpg,vision_detector/dataset/jailbreak/jailbreak_00356.jpg,1,JAILBREAK,system_dialog_injection,512,512,JPEG,train
IMG_SAFE_00743,safe_00743.jpg,vision_detector/dataset/safe/safe_00743.jpg,0,SAFE,benign_nature_visual,640,426,JPEG,val
IMG_JAIL_00844,jailbreak_00844.jpg,vision_detector/dataset/jailbreak/jailbreak_00844.jpg,1,JAILBREAK,system_dialog_injection,512,512,JPEG,train
IMG_SAFE_00813,safe_00813.jpg,vision_detector/dataset/safe/safe_00813.jpg,0,SAFE,benign_nature_visual,640,534,JPEG,test
IMG_SAFE_00566,safe_00566.jpg,vision_detector/dataset/safe/safe_00566.jpg,0,SAFE,benign_nature_visual,640,480,JPEG,test
IMG_SAFE_00978,safe_00978.jpg,vision_detector/dataset/safe/safe_00978.jpg,0,SAFE,benign_nature_visual,480,640,JPEG,train
IMG_JAIL_00648,jailbreak_00648.jpg,vision_detector/dataset/jailbreak/jailbreak_00648.jpg,1,JAILBREAK,system_dialog_injection,512,512,JPEG,test
IMG_JAIL_00710,jailbreak_00710.jpg,vision_detector/dataset/jailbreak/jailbreak_00710.jpg,1,JAILBREAK,high_contrast_typographic,512,512,JPEG,val
IMG_SAFE_00752,safe_00752.jpg,vision_detector/dataset/safe/safe_00752.jpg,0,SAFE,benign_nature_visual,640,480,JPEG,train
IMG_JAIL_00056,jailbreak_00056.jpg,vision_detector/dataset/jailbreak/jailbreak_00056.jpg,1,JAILBREAK,system_dialog_injection,512,512,JPEG,train
IMG_JAIL_00083,jailbreak_00083.jpg,vision_detector/dataset/jailbreak/jailbreak_00083.jpg,1,JAILBREAK,terminal_code_injection,512,512,JPEG,train
IMG_JAIL_00009,jailbreak_00009.jpg,vision_detector/dataset/jailbreak/jailbreak_00009.jpg,1,JAILBREAK,scenic_text_overlay,512,512,JPEG,train
IMG_SAFE_00257,safe_00257.jpg,vision_detector/dataset/safe/safe_00257.jpg,0,SAFE,benign_nature_visual,500,375,JPEG,train
IMG_JAIL_00583,jailbreak_00583.jpg,vision_detector/dataset/jailbreak/jailbreak_00583.jpg,1,JAILBREAK,terminal_code_injection,512,512,JPEG,train
IMG_JAIL_00654,jailbreak_00654.jpg,vision_detector/dataset/jailbreak/jailbreak_00654.jpg,1,JAILBREAK,high_contrast_typographic,512,512,JPEG,train
IMG_SAFE_00538,safe_00538.jpg,vision_detector/dataset/safe/safe_00538.jpg,0,SAFE,benign_nature_visual,640,481,JPEG,train
IMG_JAIL_00843,jailbreak_00843.jpg,vision_detector/dataset/jailbreak/jailbreak_00843.jpg,1,JAILBREAK,terminal_code_injection,512,512,JPEG,val
IMG_JAIL_00282,jailbreak_00282.jpg,vision_detector/dataset/jailbreak/jailbreak_00282.jpg,1,JAILBREAK,high_contrast_typographic,512,512,JPEG,train
IMG_SAFE_00579,safe_00579.jpg,vision_detector/dataset/safe/safe_00579.jpg,0,SAFE,benign_nature_visual,500,375,JPEG,train
IMG_SAFE_00159,safe_00159.jpg,vision_detector/dataset/safe/safe_00159.jpg,0,SAFE,benign_nature_visual,640,348,JPEG,train
IMG_SAFE_00532,safe_00532.jpg,vision_detector/dataset/safe/safe_00532.jpg,0,SAFE,benign_nature_visual,500,375,JPEG,train
IMG_JAIL_00647,jailbreak_00647.jpg,vision_detector/dataset/jailbreak/jailbreak_00647.jpg,1,JAILBREAK,terminal_code_injection,512,512,JPEG,test
IMG_SAFE_00919,safe_00919.jpg,vision_detector/dataset/safe/safe_00919.jpg,0,SAFE,benign_nature_visual,640,480,JPEG,train
IMG_JAIL_00702,jailbreak_00702.jpg,vision_detector/dataset/jailbreak/jailbreak_00702.jpg,1,JAILBREAK,high_contrast_typographic,512,512,JPEG,test
IMG_JAIL_00714,jailbreak_00714.jpg,vision_detector/dataset/jailbreak/jailbreak_00714.jpg,1,JAILBREAK,high_contrast_typographic,512,512,JPEG,train
IMG_JAIL_00749,jailbreak_00749.jpg,vision_detector/dataset/jailbreak/jailbreak_00749.jpg,1,JAILBREAK,scenic_text_overlay,512,512,JPEG,test
IMG_SAFE_00860,safe_00860.jpg,vision_detector/dataset/safe/safe_00860.jpg,0,SAFE,benign_nature_visual,640,427,JPEG,train
IMG_JAIL_00939,jailbreak_00939.jpg,vision_detector/dataset/jailbreak/jailbreak_00939.jpg,1,JAILBREAK,terminal_code_injection,512,512,JPEG,train
IMG_JAIL_00730,jailbreak_00730.jpg,vision_detector/dataset/jailbreak/jailbreak_00730.jpg,1,JAILBREAK,high_contrast_typographic,512,512,JPEG,test
IMG_JAIL_00297,jailbreak_00297.jpg,vision_detector/dataset/jailbreak/jailbreak_00297.jpg,1,JAILBREAK,scenic_text_overlay,512,512,JPEG,train
IMG_SAFE_00394,safe_00394.jpg,vision_detector/dataset/safe/safe_00394.jpg,0,SAFE,benign_nature_visual,480,640,JPEG,train
IMG_SAFE_00895,safe_00895.jpg,vision_detector/dataset/safe/safe_00895.jpg,0,SAFE,benign_nature_visual,640,480,JPEG,train
IMG_JAIL_00486,jailbreak_00486.jpg,vision_detector/dataset/jailbreak/jailbreak_00486.jpg,1,JAILBREAK,high_contrast_typographic,512,512,JPEG,train
IMG_SAFE_00727,safe_00727.jpg,vision_detector/dataset/safe/safe_00727.jpg,0,SAFE,benign_nature_visual,375,500,JPEG,test
IMG_JAIL_00766,jailbreak_00766.jpg,vision_detector/dataset/jailbreak/jailbreak_00766.jpg,1,JAILBREAK,high_contrast_typographic,512,512,JPEG,val
IMG_SAFE_00041,safe_00041.jpg,vision_detector/dataset/safe/safe_00041.jpg,0,SAFE,benign_nature_visual,640,480,JPEG,test
IMG_JAIL_00155,jailbreak_00155.jpg,vision_detector/dataset/jailbreak/jailbreak_00155.jpg,1,JAILBREAK,terminal_code_injection,512,512,JPEG,train
IMG_JAIL_00879,jailbreak_00879.jpg,vision_detector/dataset/jailbreak/jailbreak_00879.jpg,1,JAILBREAK,terminal_code_injection,512,512,JPEG,test
IMG_SAFE_00172,safe_00172.jpg,vision_detector/dataset/safe/safe_00172.jpg,0,SAFE,benign_nature_visual,426,640,JPEG,train
IMG_SAFE_00421,safe_00421.jpg,vision_detector/dataset/safe/safe_00421.jpg,0,SAFE,benign_nature_visual,500,346,JPEG,train
IMG_JAIL_00890,jailbreak_00890.jpg,vision_detector/dataset/jailbreak/jailbreak_00890.jpg,1,JAILBREAK,high_contrast_typographic,512,512,JPEG,val
IMG_SAFE_00098,safe_00098.jpg,vision_detector/dataset/safe/safe_00098.jpg,0,SAFE,benign_nature_visual,484,500,JPEG,train
IMG_JAIL_00878,jailbreak_00878.jpg,vision_detector/dataset/jailbreak/jailbreak_00878.jpg,1,JAILBREAK,high_contrast_typographic,512,512,JPEG,train
IMG_JAIL_00149,jailbreak_00149.jpg,vision_detector/dataset/jailbreak/jailbreak_00149.jpg,1,JAILBREAK,scenic_text_overlay,512,512,JPEG,train
IMG_JAIL_00882,jailbreak_00882.jpg,vision_detector/dataset/jailbreak/jailbreak_00882.jpg,1,JAILBREAK,high_contrast_typographic,512,512,JPEG,train
IMG_SAFE_00644,safe_00644.jpg,vision_detector/dataset/safe/safe_00644.jpg,0,SAFE,benign_nature_visual,640,425,JPEG,train
IMG_SAFE_00931,safe_00931.jpg,vision_detector/dataset/safe/safe_00931.jpg,0,SAFE,benign_nature_visual,640,480,JPEG,train
IMG_SAFE_00365,safe_00365.jpg,vision_detector/dataset/safe/safe_00365.jpg,0,SAFE,benign_nature_visual,640,427,JPEG,train
IMG_JAIL_00872,jailbreak_00872.jpg,vision_detector/dataset/jailbreak/jailbreak_00872.jpg,1,JAILBREAK,system_dialog_injection,512,512,JPEG,test
IMG_JAIL_00380,jailbreak_00380.jpg,vision_detector/dataset/jailbreak/jailbreak_00380.jpg,1,JAILBREAK,system_dialog_injection,512,512,JPEG,test
IMG_SAFE_00117,safe_00117.jpg,vision_detector/dataset/safe/safe_00117.jpg,0,SAFE,benign_nature_visual,640,436,JPEG,train
IMG_JAIL_00745,jailbreak_00745.jpg,vision_detector/dataset/jailbreak/jailbreak_00745.jpg,1,JAILBREAK,scenic_text_overlay,512,512,JPEG,val
IMG_SAFE_00340,safe_00340.jpg,vision_detector/dataset/safe/safe_00340.jpg,0,SAFE,benign_nature_visual,640,427,JPEG,test
IMG_SAFE_00168,safe_00168.jpg,vision_detector/dataset/safe/safe_00168.jpg,0,SAFE,benign_nature_visual,427,640,JPEG,train
IMG_JAIL_00171,jailbreak_00171.jpg,vision_detector/dataset/jailbreak/jailbreak_00171.jpg,1,JAILBREAK,terminal_code_injection,512,512,JPEG,val
IMG_JAIL_00480,jailbreak_00480.jpg,vision_detector/dataset/jailbreak/jailbreak_00480.jpg,1,JAILBREAK,system_dialog_injection,512,512,JPEG,train
IMG_SAFE_00811,safe_00811.jpg,vision_detector/dataset/safe/safe_00811.jpg,0,SAFE,benign_nature_visual,480,640,JPEG,train
IMG_JAIL_00887,jailbreak_00887.jpg,vision_detector/dataset/jailbreak/jailbreak_00887.jpg,1,JAILBREAK,terminal_code_injection,512,512,JPEG,val
IMG_JAIL_00340,jailbreak_00340.jpg,vision_detector/dataset/jailbreak/jailbreak_00340.jpg,1,JAILBREAK,system_dialog_injection,512,512,JPEG,test
IMG_SAFE_00540,safe_00540.jpg,vision_detector/dataset/safe/safe_00540.jpg,0,SAFE,benign_nature_visual,640,438,JPEG,train
IMG_SAFE_00783,safe_00783.jpg,vision_detector/dataset/safe/safe_00783.jpg,0,SAFE,benign_nature_visual,429,640,JPEG,test
IMG_JAIL_00813,jailbreak_00813.jpg,vision_detector/dataset/jailbreak/jailbreak_00813.jpg,1,JAILBREAK,scenic_text_overlay,512,512,JPEG,test
IMG_SAFE_00909,safe_00909.jpg,vision_detector/dataset/safe/safe_00909.jpg,0,SAFE,benign_nature_visual,640,446,JPEG,train
IMG_JAIL_00141,jailbreak_00141.jpg,vision_detector/dataset/jailbreak/jailbreak_00141.jpg,1,JAILBREAK,scenic_text_overlay,512,512,JPEG,train
IMG_SAFE_00962,safe_00962.jpg,vision_detector/dataset/safe/safe_00962.jpg,0,SAFE,benign_nature_visual,640,427,JPEG,train
IMG_JAIL_00940,jailbreak_00940.jpg,vision_detector/dataset/jailbreak/jailbreak_00940.jpg,1,JAILBREAK,system_dialog_injection,512,512,JPEG,train
IMG_SAFE_00356,safe_00356.jpg,vision_detector/dataset/safe/safe_00356.jpg,0,SAFE,benign_nature_visual,460,640,JPEG,train
IMG_JAIL_00245,jailbreak_00245.jpg,vision_detector/dataset/jailbreak/jailbreak_00245.jpg,1,JAILBREAK,scenic_text_overlay,512,512,JPEG,train
IMG_JAIL_00897,jailbreak_00897.jpg,vision_detector/dataset/jailbreak/jailbreak_00897.jpg,1,JAILBREAK,scenic_text_overlay,512,512,JPEG,train
IMG_SAFE_00617,safe_00617.jpg,vision_detector/dataset/safe/safe_00617.jpg,0,SAFE,benign_nature_visual,640,427,JPEG,train
IMG_SAFE_00282,safe_00282.jpg,vision_detector/dataset/safe/safe_00282.jpg,0,SAFE,benign_nature_visual,640,425,JPEG,train
IMG_SAFE_00875,safe_00875.jpg,vision_detector/dataset/safe/safe_00875.jpg,0,SAFE,benign_nature_visual,640,480,JPEG,val
IMG_JAIL_00845,jailbreak_00845.jpg,vision_detector/dataset/jailbreak/jailbreak_00845.jpg,1,JAILBREAK,scenic_text_overlay,512,512,JPEG,train
IMG_SAFE_00664,safe_00664.jpg,vision_detector/dataset/safe/safe_00664.jpg,0,SAFE,benign_nature_visual,640,427,JPEG,test
IMG_SAFE_00209,safe_00209.jpg,vision_detector/dataset/safe/safe_00209.jpg,0,SAFE,benign_nature_visual,426,640,JPEG,train
IMG_JAIL_00719,jailbreak_00719.jpg,vision_detector/dataset/jailbreak/jailbreak_00719.jpg,1,JAILBREAK,terminal_code_injection,512,512,JPEG,train
IMG_SAFE_00188,safe_00188.jpg,vision_detector/dataset/safe/safe_00188.jpg,0,SAFE,benign_nature_visual,640,429,JPEG,test
IMG_SAFE_00784,safe_00784.jpg,vision_detector/dataset/safe/safe_00784.jpg,0,SAFE,benign_nature_visual,500,375,JPEG,train
IMG_SAFE_00465,safe_00465.jpg,vision_detector/dataset/safe/safe_00465.jpg,0,SAFE,benign_nature_visual,425,640,JPEG,train
IMG_JAIL_00691,jailbreak_00691.jpg,vision_detector/dataset/jailbreak/jailbreak_00691.jpg,1,JAILBREAK,terminal_code_injection,512,512,JPEG,val
IMG_SAFE_00025,safe_00025.jpg,vision_detector/dataset/safe/safe_00025.jpg,0,SAFE,benign_nature_visual,640,480,JPEG,train
IMG_SAFE_00714,safe_00714.jpg,vision_detector/dataset/safe/safe_00714.jpg,0,SAFE,benign_nature_visual,480,640,JPEG,train
IMG_JAIL_00919,jailbreak_00919.jpg,vision_detector/dataset/jailbreak/jailbreak_00919.jpg,1,JAILBREAK,terminal_code_injection,512,512,JPEG,train
IMG_SAFE_00696,safe_00696.jpg,vision_detector/dataset/safe/safe_00696.jpg,0,SAFE,benign_nature_visual,640,480,JPEG,train
IMG_JAIL_00599,jailbreak_00599.jpg,vision_detector/dataset/jailbreak/jailbreak_00599.jpg,1,JAILBREAK,terminal_code_injection,512,512,JPEG,train
IMG_SAFE_00769,safe_00769.jpg,vision_detector/dataset/safe/safe_00769.jpg,0,SAFE,benign_nature_visual,500,334,JPEG,val
IMG_SAFE_00431,safe_00431.jpg,vision_detector/dataset/safe/safe_00431.jpg,0,SAFE,benign_nature_visual,425,640,JPEG,train
IMG_JAIL_00616,jailbreak_00616.jpg,vision_detector/dataset/jailbreak/jailbreak_00616.jpg,1,JAILBREAK,system_dialog_injection,512,512,JPEG,train
IMG_JAIL_00387,jailbreak_00387.jpg,vision_detector/dataset/jailbreak/jailbreak_00387.jpg,1,JAILBREAK,terminal_code_injection,512,512,JPEG,val
IMG_JAIL_00863,jailbreak_00863.jpg,vision_detector/dataset/jailbreak/jailbreak_00863.jpg,1,JAILBREAK,terminal_code_injection,512,512,JPEG,test
IMG_JAIL_00147,jailbreak_00147.jpg,vision_detector/dataset/jailbreak/jailbreak_00147.jpg,1,JAILBREAK,terminal_code_injection,512,512,JPEG,val
IMG_JAIL_00041,jailbreak_00041.jpg,vision_detector/dataset/jailbreak/jailbreak_00041.jpg,1,JAILBREAK,scenic_text_overlay,512,512,JPEG,test
IMG_JAIL_00430,jailbreak_00430.jpg,vision_detector/dataset/jailbreak/jailbreak_00430.jpg,1,JAILBREAK,high_contrast_typographic,512,512,JPEG,train
IMG_JAIL_00802,jailbreak_00802.jpg,vision_detector/dataset/jailbreak/jailbreak_00802.jpg,1,JAILBREAK,high_contrast_typographic,512,512,JPEG,train
IMG_JAIL_00084,jailbreak_00084.jpg,vision_detector/dataset/jailbreak/jailbreak_00084.jpg,1,JAILBREAK,system_dialog_injection,512,512,JPEG,train
IMG_SAFE_00221,safe_00221.jpg,vision_detector/dataset/safe/safe_00221.jpg,0,SAFE,benign_nature_visual,640,483,JPEG,train
IMG_JAIL_00442,jailbreak_00442.jpg,vision_detector/dataset/jailbreak/jailbreak_00442.jpg,1,JAILBREAK,high_contrast_typographic,512,512,JPEG,val
IMG_SAFE_00135,safe_00135.jpg,vision_detector/dataset/safe/safe_00135.jpg,0,SAFE,benign_nature_visual,500,358,JPEG,test
IMG_JAIL_00176,jailbreak_00176.jpg,vision_detector/dataset/jailbreak/jailbreak_00176.jpg,1,JAILBREAK,system_dialog_injection,512,512,JPEG,train
IMG_SAFE_00709,safe_00709.jpg,vision_detector/dataset/safe/safe_00709.jpg,0,SAFE,benign_nature_visual,640,437,JPEG,train
IMG_SAFE_00230,safe_00230.jpg,vision_detector/dataset/safe/safe_00230.jpg,0,SAFE,benign_nature_visual,640,361,JPEG,train
IMG_SAFE_00738,safe_00738.jpg,vision_detector/dataset/safe/safe_00738.jpg,0,SAFE,benign_nature_visual,640,424,JPEG,train
IMG_SAFE_00986,safe_00986.jpg,vision_detector/dataset/safe/safe_00986.jpg,0,SAFE,benign_nature_visual,640,424,JPEG,train
IMG_SAFE_00415,safe_00415.jpg,vision_detector/dataset/safe/safe_00415.jpg,0,SAFE,benign_nature_visual,640,427,JPEG,train
IMG_JAIL_00002,jailbreak_00002.jpg,vision_detector/dataset/jailbreak/jailbreak_00002.jpg,1,JAILBREAK,high_contrast_typographic,512,512,JPEG,test
IMG_SAFE_00563,safe_00563.jpg,vision_detector/dataset/safe/safe_00563.jpg,0,SAFE,benign_nature_visual,640,639,JPEG,test
IMG_JAIL_00705,jailbreak_00705.jpg,vision_detector/dataset/jailbreak/jailbreak_00705.jpg,1,JAILBREAK,scenic_text_overlay,512,512,JPEG,train
IMG_JAIL_00027,jailbreak_00027.jpg,vision_detector/dataset/jailbreak/jailbreak_00027.jpg,1,JAILBREAK,terminal_code_injection,512,512,JPEG,train
IMG_JAIL_00217,jailbreak_00217.jpg,vision_detector/dataset/jailbreak/jailbreak_00217.jpg,1,JAILBREAK,scenic_text_overlay,512,512,JPEG,test
IMG_JAIL_00517,jailbreak_00517.jpg,vision_detector/dataset/jailbreak/jailbreak_00517.jpg,1,JAILBREAK,scenic_text_overlay,512,512,JPEG,train
IMG_JAIL_00508,jailbreak_00508.jpg,vision_detector/dataset/jailbreak/jailbreak_00508.jpg,1,JAILBREAK,system_dialog_injection,512,512,JPEG,train
IMG_JAIL_00285,jailbreak_00285.jpg,vision_detector/dataset/jailbreak/jailbreak_00285.jpg,1,JAILBREAK,scenic_text_overlay,512,512,JPEG,train
IMG_JAIL_00797,jailbreak_00797.jpg,vision_detector/dataset/jailbreak/jailbreak_00797.jpg,1,JAILBREAK,scenic_text_overlay,512,512,JPEG,train
IMG_JAIL_00525,jailbreak_00525.jpg,vision_detector/dataset/jailbreak/jailbreak_00525.jpg,1,JAILBREAK,scenic_text_overlay,512,512,JPEG,val
IMG_SAFE_00573,safe_00573.jpg,vision_detector/dataset/safe/safe_00573.jpg,0,SAFE,benign_nature_visual,640,427,JPEG,train
IMG_JAIL_00357,jailbreak_00357.jpg,vision_detector/dataset/jailbreak/jailbreak_00357.jpg,1,JAILBREAK,scenic_text_overlay,512,512,JPEG,train
IMG_JAIL_00121,jailbreak_00121.jpg,vision_detector/dataset/jailbreak/jailbreak_00121.jpg,1,JAILBREAK,scenic_text_overlay,512,512,JPEG,train
IMG_JAIL_00187,jailbreak_00187.jpg,vision_detector/dataset/jailbreak/jailbreak_00187.jpg,1,JAILBREAK,terminal_code_injection,512,512,JPEG,val
IMG_JAIL_00520,jailbreak_00520.jpg,vision_detector/dataset/jailbreak/jailbreak_00520.jpg,1,JAILBREAK,system_dialog_injection,512,512,JPEG,train
IMG_JAIL_00675,jailbreak_00675.jpg,vision_detector/dataset/jailbreak/jailbreak_00675.jpg,1,JAILBREAK,terminal_code_injection,512,512,JPEG,test
IMG_JAIL_00481,jailbreak_00481.jpg,vision_detector/dataset/jailbreak/jailbreak_00481.jpg,1,JAILBREAK,scenic_text_overlay,512,512,JPEG,train
IMG_JAIL_00263,jailbreak_00263.jpg,vision_detector/dataset/jailbreak/jailbreak_00263.jpg,1,JAILBREAK,terminal_code_injection,512,512,JPEG,train
IMG_JAIL_00443,jailbreak_00443.jpg,vision_detector/dataset/jailbreak/jailbreak_00443.jpg,1,JAILBREAK,terminal_code_injection,512,512,JPEG,train
IMG_SAFE_00756,safe_00756.jpg,vision_detector/dataset/safe/safe_00756.jpg,0,SAFE,benign_nature_visual,640,640,JPEG,train
IMG_JAIL_00769,jailbreak_00769.jpg,vision_detector/dataset/jailbreak/jailbreak_00769.jpg,1,JAILBREAK,scenic_text_overlay,512,512,JPEG,val
IMG_JAIL_00917,jailbreak_00917.jpg,vision_detector/dataset/jailbreak/jailbreak_00917.jpg,1,JAILBREAK,scenic_text_overlay,512,512,JPEG,train
IMG_JAIL_00649,jailbreak_00649.jpg,vision_detector/dataset/jailbreak/jailbreak_00649.jpg,1,JAILBREAK,scenic_text_overlay,512,512,JPEG,val
IMG_JAIL_00789,jailbreak_00789.jpg,vision_detector/dataset/jailbreak/jailbreak_00789.jpg,1,JAILBREAK,scenic_text_overlay,512,512,JPEG,val
IMG_SAFE_00353,safe_00353.jpg,vision_detector/dataset/safe/safe_00353.jpg,0,SAFE,benign_nature_visual,640,551,JPEG,train
IMG_SAFE_00705,safe_00705.jpg,vision_detector/dataset/safe/safe_00705.jpg,0,SAFE,benign_nature_visual,640,512,JPEG,train
IMG_JAIL_00279,jailbreak_00279.jpg,vision_detector/dataset/jailbreak/jailbreak_00279.jpg,1,JAILBREAK,terminal_code_injection,512,512,JPEG,train
IMG_JAIL_00594,jailbreak_00594.jpg,vision_detector/dataset/jailbreak/jailbreak_00594.jpg,1,JAILBREAK,high_contrast_typographic,512,512,JPEG,train
IMG_SAFE_00932,safe_00932.jpg,vision_detector/dataset/safe/safe_00932.jpg,0,SAFE,benign_nature_visual,640,427,JPEG,val
IMG_JAIL_00793,jailbreak_00793.jpg,vision_detector/dataset/jailbreak/jailbreak_00793.jpg,1,JAILBREAK,scenic_text_overlay,512,512,JPEG,train
IMG_JAIL_00240,jailbreak_00240.jpg,vision_detector/dataset/jailbreak/jailbreak_00240.jpg,1,JAILBREAK,system_dialog_injection,512,512,JPEG,train
IMG_SAFE_00386,safe_00386.jpg,vision_detector/dataset/safe/safe_00386.jpg,0,SAFE,benign_nature_visual,640,428,JPEG,test
IMG_SAFE_00972,safe_00972.jpg,vision_detector/dataset/safe/safe_00972.jpg,0,SAFE,benign_nature_visual,480,320,JPEG,train
IMG_SAFE_00284,safe_00284.jpg,vision_detector/dataset/safe/safe_00284.jpg,0,SAFE,benign_nature_visual,640,480,JPEG,train
IMG_JAIL_00335,jailbreak_00335.jpg,vision_detector/dataset/jailbreak/jailbreak_00335.jpg,1,JAILBREAK,terminal_code_injection,512,512,JPEG,train
IMG_JAIL_00025,jailbreak_00025.jpg,vision_detector/dataset/jailbreak/jailbreak_00025.jpg,1,JAILBREAK,scenic_text_overlay,512,512,JPEG,train
IMG_JAIL_00052,jailbreak_00052.jpg,vision_detector/dataset/jailbreak/jailbreak_00052.jpg,1,JAILBREAK,system_dialog_injection,512,512,JPEG,train
IMG_JAIL_00085,jailbreak_00085.jpg,vision_detector/dataset/jailbreak/jailbreak_00085.jpg,1,JAILBREAK,scenic_text_overlay,512,512,JPEG,train
IMG_JAIL_00687,jailbreak_00687.jpg,vision_detector/dataset/jailbreak/jailbreak_00687.jpg,1,JAILBREAK,terminal_code_injection,512,512,JPEG,test
IMG_JAIL_00399,jailbreak_00399.jpg,vision_detector/dataset/jailbreak/jailbreak_00399.jpg,1,JAILBREAK,terminal_code_injection,512,512,JPEG,train
IMG_JAIL_00445,jailbreak_00445.jpg,vision_detector/dataset/jailbreak/jailbreak_00445.jpg,1,JAILBREAK,scenic_text_overlay,512,512,JPEG,train
IMG_JAIL_00706,jailbreak_00706.jpg,vision_detector/dataset/jailbreak/jailbreak_00706.jpg,1,JAILBREAK,high_contrast_typographic,512,512,JPEG,train
IMG_JAIL_00094,jailbreak_00094.jpg,vision_detector/dataset/jailbreak/jailbreak_00094.jpg,1,JAILBREAK,high_contrast_typographic,512,512,JPEG,train
IMG_JAIL_00756,jailbreak_00756.jpg,vision_detector/dataset/jailbreak/jailbreak_00756.jpg,1,JAILBREAK,system_dialog_injection,512,512,JPEG,train
IMG_JAIL_00292,jailbreak_00292.jpg,vision_detector/dataset/jailbreak/jailbreak_00292.jpg,1,JAILBREAK,system_dialog_injection,512,512,JPEG,train
IMG_JAIL_00455,jailbreak_00455.jpg,vision_detector/dataset/jailbreak/jailbreak_00455.jpg,1,JAILBREAK,terminal_code_injection,512,512,JPEG,test
IMG_JAIL_00816,jailbreak_00816.jpg,vision_detector/dataset/jailbreak/jailbreak_00816.jpg,1,JAILBREAK,system_dialog_injection,512,512,JPEG,test
IMG_JAIL_00966,jailbreak_00966.jpg,vision_detector/dataset/jailbreak/jailbreak_00966.jpg,1,JAILBREAK,high_contrast_typographic,512,512,JPEG,train
IMG_JAIL_00503,jailbreak_00503.jpg,vision_detector/dataset/jailbreak/jailbreak_00503.jpg,1,JAILBREAK,terminal_code_injection,512,512,JPEG,val
IMG_SAFE_00620,safe_00620.jpg,vision_detector/dataset/safe/safe_00620.jpg,0,SAFE,benign_nature_visual,640,427,JPEG,val
IMG_SAFE_00470,safe_00470.jpg,vision_detector/dataset/safe/safe_00470.jpg,0,SAFE,benign_nature_visual,612,612,JPEG,train
IMG_JAIL_00637,jailbreak_00637.jpg,vision_detector/dataset/jailbreak/jailbreak_00637.jpg,1,JAILBREAK,scenic_text_overlay,512,512,JPEG,train
IMG_JAIL_00739,jailbreak_00739.jpg,vision_detector/dataset/jailbreak/jailbreak_00739.jpg,1,JAILBREAK,terminal_code_injection,512,512,JPEG,val
IMG_SAFE_00370,safe_00370.jpg,vision_detector/dataset/safe/safe_00370.jpg,0,SAFE,benign_nature_visual,640,427,JPEG,train
IMG_SAFE_00844,safe_00844.jpg,vision_detector/dataset/safe/safe_00844.jpg,0,SAFE,benign_nature_visual,640,427,JPEG,train
IMG_SAFE_00471,safe_00471.jpg,vision_detector/dataset/safe/safe_00471.jpg,0,SAFE,benign_nature_visual,640,427,JPEG,train
IMG_JAIL_00918,jailbreak_00918.jpg,vision_detector/dataset/jailbreak/jailbreak_00918.jpg,1,JAILBREAK,high_contrast_typographic,512,512,JPEG,train
IMG_JAIL_00799,jailbreak_00799.jpg,vision_detector/dataset/jailbreak/jailbreak_00799.jpg,1,JAILBREAK,terminal_code_injection,512,512,JPEG,train
IMG_JAIL_00610,jailbreak_00610.jpg,vision_detector/dataset/jailbreak/jailbreak_00610.jpg,1,JAILBREAK,high_contrast_typographic,512,512,JPEG,val
IMG_JAIL_00527,jailbreak_00527.jpg,vision_detector/dataset/jailbreak/jailbreak_00527.jpg,1,JAILBREAK,terminal_code_injection,512,512,JPEG,train
IMG_SAFE_00432,safe_00432.jpg,vision_detector/dataset/safe/safe_00432.jpg,0,SAFE,benign_nature_visual,640,480,JPEG,train
IMG_JAIL_00821,jailbreak_00821.jpg,vision_detector/dataset/jailbreak/jailbreak_00821.jpg,1,JAILBREAK,scenic_text_overlay,512,512,JPEG,train
IMG_SAFE_00189,safe_00189.jpg,vision_detector/dataset/safe/safe_00189.jpg,0,SAFE,benign_nature_visual,640,480,JPEG,train
IMG_JAIL_00214,jailbreak_00214.jpg,vision_detector/dataset/jailbreak/jailbreak_00214.jpg,1,JAILBREAK,high_contrast_typographic,512,512,JPEG,train
IMG_JAIL_00946,jailbreak_00946.jpg,vision_detector/dataset/jailbreak/jailbreak_00946.jpg,1,JAILBREAK,high_contrast_typographic,512,512,JPEG,train
IMG_SAFE_00807,safe_00807.jpg,vision_detector/dataset/safe/safe_00807.jpg,0,SAFE,benign_nature_visual,480,640,JPEG,val
IMG_JAIL_00780,jailbreak_00780.jpg,vision_detector/dataset/jailbreak/jailbreak_00780.jpg,1,JAILBREAK,system_dialog_injection,512,512,JPEG,test
IMG_JAIL_00286,jailbreak_00286.jpg,vision_detector/dataset/jailbreak/jailbreak_00286.jpg,1,JAILBREAK,high_contrast_typographic,512,512,JPEG,train
IMG_SAFE_00534,safe_00534.jpg,vision_detector/dataset/safe/safe_00534.jpg,0,SAFE,benign_nature_visual,640,427,JPEG,train
IMG_JAIL_00820,jailbreak_00820.jpg,vision_detector/dataset/jailbreak/jailbreak_00820.jpg,1,JAILBREAK,system_dialog_injection,512,512,JPEG,val
IMG_SAFE_00437,safe_00437.jpg,vision_detector/dataset/safe/safe_00437.jpg,0,SAFE,benign_nature_visual,640,480,JPEG,train
IMG_JAIL_00550,jailbreak_00550.jpg,vision_detector/dataset/jailbreak/jailbreak_00550.jpg,1,JAILBREAK,high_contrast_typographic,512,512,JPEG,train
IMG_SAFE_00737,safe_00737.jpg,vision_detector/dataset/safe/safe_00737.jpg,0,SAFE,benign_nature_visual,640,480,JPEG,train
IMG_JAIL_00358,jailbreak_00358.jpg,vision_detector/dataset/jailbreak/jailbreak_00358.jpg,1,JAILBREAK,high_contrast_typographic,512,512,JPEG,train
IMG_SAFE_00736,safe_00736.jpg,vision_detector/dataset/safe/safe_00736.jpg,0,SAFE,benign_nature_visual,427,640,JPEG,val
IMG_SAFE_00675,safe_00675.jpg,vision_detector/dataset/safe/safe_00675.jpg,0,SAFE,benign_nature_visual,640,424,JPEG,test
IMG_JAIL_00570,jailbreak_00570.jpg,vision_detector/dataset/jailbreak/jailbreak_00570.jpg,1,JAILBREAK,high_contrast_typographic,512,512,JPEG,train
IMG_JAIL_00326,jailbreak_00326.jpg,vision_detector/dataset/jailbreak/jailbreak_00326.jpg,1,JAILBREAK,high_contrast_typographic,512,512,JPEG,val
IMG_JAIL_00534,jailbreak_00534.jpg,vision_detector/dataset/jailbreak/jailbreak_00534.jpg,1,JAILBREAK,high_contrast_typographic,512,512,JPEG,train
IMG_SAFE_00720,safe_00720.jpg,vision_detector/dataset/safe/safe_00720.jpg,0,SAFE,benign_nature_visual,640,480,JPEG,test
IMG_JAIL_00471,jailbreak_00471.jpg,vision_detector/dataset/jailbreak/jailbreak_00471.jpg,1,JAILBREAK,terminal_code_injection,512,512,JPEG,train
IMG_JAIL_00902,jailbreak_00902.jpg,vision_detector/dataset/jailbreak/jailbreak_00902.jpg,1,JAILBREAK,high_contrast_typographic,512,512,JPEG,train
IMG_SAFE_00166,safe_00166.jpg,vision_detector/dataset/safe/safe_00166.jpg,0,SAFE,benign_nature_visual,375,500,JPEG,train
IMG_SAFE_00697,safe_00697.jpg,vision_detector/dataset/safe/safe_00697.jpg,0,SAFE,benign_nature_visual,640,426,JPEG,train
IMG_SAFE_00906,safe_00906.jpg,vision_detector/dataset/safe/safe_00906.jpg,0,SAFE,benign_nature_visual,640,427,JPEG,val
IMG_SAFE_00648,safe_00648.jpg,vision_detector/dataset/safe/safe_00648.jpg,0,SAFE,benign_nature_visual,500,375,JPEG,test
IMG_SAFE_00443,safe_00443.jpg,vision_detector/dataset/safe/safe_00443.jpg,0,SAFE,benign_nature_visual,640,426,JPEG,train
IMG_SAFE_00374,safe_00374.jpg,vision_detector/dataset/safe/safe_00374.jpg,0,SAFE,benign_nature_visual,640,427,JPEG,val
IMG_JAIL_00726,jailbreak_00726.jpg,vision_detector/dataset/jailbreak/jailbreak_00726.jpg,1,JAILBREAK,high_contrast_typographic,512,512,JPEG,val
IMG_JAIL_00205,jailbreak_00205.jpg,vision_detector/dataset/jailbreak/jailbreak_00205.jpg,1,JAILBREAK,scenic_text_overlay,512,512,JPEG,train
IMG_JAIL_00903,jailbreak_00903.jpg,vision_detector/dataset/jailbreak/jailbreak_00903.jpg,1,JAILBREAK,terminal_code_injection,512,512,JPEG,train
IMG_JAIL_00988,jailbreak_00988.jpg,vision_detector/dataset/jailbreak/jailbreak_00988.jpg,1,JAILBREAK,system_dialog_injection,512,512,JPEG,val
IMG_SAFE_00038,safe_00038.jpg,vision_detector/dataset/safe/safe_00038.jpg,0,SAFE,benign_nature_visual,640,480,JPEG,train
IMG_JAIL_00720,jailbreak_00720.jpg,vision_detector/dataset/jailbreak/jailbreak_00720.jpg,1,JAILBREAK,system_dialog_injection,512,512,JPEG,test
IMG_SAFE_00760,safe_00760.jpg,vision_detector/dataset/safe/safe_00760.jpg,0,SAFE,benign_nature_visual,480,640,JPEG,train
IMG_JAIL_00233,jailbreak_00233.jpg,vision_detector/dataset/jailbreak/jailbreak_00233.jpg,1,JAILBREAK,scenic_text_overlay,512,512,JPEG,val
IMG_SAFE_00475,safe_00475.jpg,vision_detector/dataset/safe/safe_00475.jpg,0,SAFE,benign_nature_visual,500,363,JPEG,test
IMG_JAIL_00150,jailbreak_00150.jpg,vision_detector/dataset/jailbreak/jailbreak_00150.jpg,1,JAILBREAK,high_contrast_typographic,512,512,JPEG,train
IMG_SAFE_00401,safe_00401.jpg,vision_detector/dataset/safe/safe_00401.jpg,0,SAFE,benign_nature_visual,640,480,JPEG,val
IMG_SAFE_00009,safe_00009.jpg,vision_detector/dataset/safe/safe_00009.jpg,0,SAFE,benign_nature_visual,640,480,JPEG,train
IMG_SAFE_00064,safe_00064.jpg,vision_detector/dataset/safe/safe_00064.jpg,0,SAFE,benign_nature_visual,640,469,JPEG,train
IMG_SAFE_00086,safe_00086.jpg,vision_detector/dataset/safe/safe_00086.jpg,0,SAFE,benign_nature_visual,488,640,JPEG,val
IMG_JAIL_00875,jailbreak_00875.jpg,vision_detector/dataset/jailbreak/jailbreak_00875.jpg,1,JAILBREAK,terminal_code_injection,512,512,JPEG,val
IMG_JAIL_00603,jailbreak_00603.jpg,vision_detector/dataset/jailbreak/jailbreak_00603.jpg,1,JAILBREAK,terminal_code_injection,512,512,JPEG,train
IMG_SAFE_00927,safe_00927.jpg,vision_detector/dataset/safe/safe_00927.jpg,0,SAFE,benign_nature_visual,640,427,JPEG,train
IMG_SAFE_00396,safe_00396.jpg,vision_detector/dataset/safe/safe_00396.jpg,0,SAFE,benign_nature_visual,612,612,JPEG,train
IMG_JAIL_00494,jailbreak_00494.jpg,vision_detector/dataset/jailbreak/jailbreak_00494.jpg,1,JAILBREAK,high_contrast_typographic,512,512,JPEG,train
IMG_JAIL_00618,jailbreak_00618.jpg,vision_detector/dataset/jailbreak/jailbreak_00618.jpg,1,JAILBREAK,high_contrast_typographic,512,512,JPEG,train
IMG_SAFE_00898,safe_00898.jpg,vision_detector/dataset/safe/safe_00898.jpg,0,SAFE,benign_nature_visual,425,640,JPEG,test
IMG_SAFE_00745,safe_00745.jpg,vision_detector/dataset/safe/safe_00745.jpg,0,SAFE,benign_nature_visual,640,427,JPEG,val
IMG_SAFE_00030,safe_00030.jpg,vision_detector/dataset/safe/safe_00030.jpg,0,SAFE,benign_nature_visual,640,480,JPEG,train
IMG_SAFE_00530,safe_00530.jpg,vision_detector/dataset/safe/safe_00530.jpg,0,SAFE,benign_nature_visual,640,429,JPEG,train
IMG_JAIL_00880,jailbreak_00880.jpg,vision_detector/dataset/jailbreak/jailbreak_00880.jpg,1,JAILBREAK,system_dialog_injection,512,512,JPEG,train
IMG_SAFE_00329,safe_00329.jpg,vision_detector/dataset/safe/safe_00329.jpg,0,SAFE,benign_nature_visual,640,426,JPEG,train
IMG_JAIL_00884,jailbreak_00884.jpg,vision_detector/dataset/jailbreak/jailbreak_00884.jpg,1,JAILBREAK,system_dialog_injection,512,512,JPEG,train
IMG_SAFE_00345,safe_00345.jpg,vision_detector/dataset/safe/safe_00345.jpg,0,SAFE,benign_nature_visual,500,334,JPEG,train
IMG_JAIL_00016,jailbreak_00016.jpg,vision_detector/dataset/jailbreak/jailbreak_00016.jpg,1,JAILBREAK,system_dialog_injection,512,512,JPEG,train
IMG_JAIL_00856,jailbreak_00856.jpg,vision_detector/dataset/jailbreak/jailbreak_00856.jpg,1,JAILBREAK,system_dialog_injection,512,512,JPEG,val
IMG_SAFE_00911,safe_00911.jpg,vision_detector/dataset/safe/safe_00911.jpg,0,SAFE,benign_nature_visual,640,480,JPEG,train
IMG_SAFE_00228,safe_00228.jpg,vision_detector/dataset/safe/safe_00228.jpg,0,SAFE,benign_nature_visual,493,640,JPEG,train
IMG_SAFE_00519,safe_00519.jpg,vision_detector/dataset/safe/safe_00519.jpg,0,SAFE,benign_nature_visual,640,480,JPEG,train
IMG_JAIL_00415,jailbreak_00415.jpg,vision_detector/dataset/jailbreak/jailbreak_00415.jpg,1,JAILBREAK,terminal_code_injection,512,512,JPEG,train
IMG_SAFE_00042,safe_00042.jpg,vision_detector/dataset/safe/safe_00042.jpg,0,SAFE,benign_nature_visual,640,478,JPEG,train
IMG_SAFE_00668,safe_00668.jpg,vision_detector/dataset/safe/safe_00668.jpg,0,SAFE,benign_nature_visual,511,640,JPEG,train
IMG_JAIL_00862,jailbreak_00862.jpg,vision_detector/dataset/jailbreak/jailbreak_00862.jpg,1,JAILBREAK,high_contrast_typographic,512,512,JPEG,train
IMG_JAIL_00650,jailbreak_00650.jpg,vision_detector/dataset/jailbreak/jailbreak_00650.jpg,1,JAILBREAK,high_contrast_typographic,512,512,JPEG,train
IMG_JAIL_00999,jailbreak_00999.jpg,vision_detector/dataset/jailbreak/jailbreak_00999.jpg,1,JAILBREAK,terminal_code_injection,512,512,JPEG,train
IMG_JAIL_00179,jailbreak_00179.jpg,vision_detector/dataset/jailbreak/jailbreak_00179.jpg,1,JAILBREAK,terminal_code_injection,512,512,JPEG,train
IMG_SAFE_00851,safe_00851.jpg,vision_detector/dataset/safe/safe_00851.jpg,0,SAFE,benign_nature_visual,640,427,JPEG,train
IMG_JAIL_00978,jailbreak_00978.jpg,vision_detector/dataset/jailbreak/jailbreak_00978.jpg,1,JAILBREAK,high_contrast_typographic,512,512,JPEG,train
IMG_JAIL_00194,jailbreak_00194.jpg,vision_detector/dataset/jailbreak/jailbreak_00194.jpg,1,JAILBREAK,high_contrast_typographic,512,512,JPEG,train
IMG_SAFE_00357,safe_00357.jpg,vision_detector/dataset/safe/safe_00357.jpg,0,SAFE,benign_nature_visual,640,480,JPEG,train
IMG_JAIL_00419,jailbreak_00419.jpg,vision_detector/dataset/jailbreak/jailbreak_00419.jpg,1,JAILBREAK,terminal_code_injection,512,512,JPEG,test
IMG_SAFE_00605,safe_00605.jpg,vision_detector/dataset/safe/safe_00605.jpg,0,SAFE,benign_nature_visual,500,375,JPEG,train
IMG_JAIL_00643,jailbreak_00643.jpg,vision_detector/dataset/jailbreak/jailbreak_00643.jpg,1,JAILBREAK,terminal_code_injection,512,512,JPEG,val
IMG_SAFE_00939,safe_00939.jpg,vision_detector/dataset/safe/safe_00939.jpg,0,SAFE,benign_nature_visual,640,427,JPEG,train
IMG_JAIL_00495,jailbreak_00495.jpg,vision_detector/dataset/jailbreak/jailbreak_00495.jpg,1,JAILBREAK,terminal_code_injection,512,512,JPEG,train
IMG_JAIL_00605,jailbreak_00605.jpg,vision_detector/dataset/jailbreak/jailbreak_00605.jpg,1,JAILBREAK,scenic_text_overlay,512,512,JPEG,train
IMG_SAFE_00757,safe_00757.jpg,vision_detector/dataset/safe/safe_00757.jpg,0,SAFE,benign_nature_visual,640,434,JPEG,train
IMG_SAFE_00814,safe_00814.jpg,vision_detector/dataset/safe/safe_00814.jpg,0,SAFE,benign_nature_visual,473,640,JPEG,train
IMG_SAFE_00366,safe_00366.jpg,vision_detector/dataset/safe/safe_00366.jpg,0,SAFE,benign_nature_visual,640,469,JPEG,train
IMG_SAFE_00870,safe_00870.jpg,vision_detector/dataset/safe/safe_00870.jpg,0,SAFE,benign_nature_visual,425,640,JPEG,val
IMG_SAFE_00665,safe_00665.jpg,vision_detector/dataset/safe/safe_00665.jpg,0,SAFE,benign_nature_visual,640,427,JPEG,train
IMG_SAFE_00640,safe_00640.jpg,vision_detector/dataset/safe/safe_00640.jpg,0,SAFE,benign_nature_visual,640,427,JPEG,val
IMG_JAIL_00653,jailbreak_00653.jpg,vision_detector/dataset/jailbreak/jailbreak_00653.jpg,1,JAILBREAK,scenic_text_overlay,512,512,JPEG,train
IMG_SAFE_00015,safe_00015.jpg,vision_detector/dataset/safe/safe_00015.jpg,0,SAFE,benign_nature_visual,640,479,JPEG,test
IMG_SAFE_00548,safe_00548.jpg,vision_detector/dataset/safe/safe_00548.jpg,0,SAFE,benign_nature_visual,640,480,JPEG,train
IMG_JAIL_00318,jailbreak_00318.jpg,vision_detector/dataset/jailbreak/jailbreak_00318.jpg,1,JAILBREAK,high_contrast_typographic,512,512,JPEG,val
IMG_SAFE_00144,safe_00144.jpg,vision_detector/dataset/safe/safe_00144.jpg,0,SAFE,benign_nature_visual,478,640,JPEG,val
IMG_JAIL_00807,jailbreak_00807.jpg,vision_detector/dataset/jailbreak/jailbreak_00807.jpg,1,JAILBREAK,terminal_code_injection,512,512,JPEG,val
IMG_SAFE_00469,safe_00469.jpg,vision_detector/dataset/safe/safe_00469.jpg,0,SAFE,benign_nature_visual,508,640,JPEG,train
IMG_JAIL_00401,jailbreak_00401.jpg,vision_detector/dataset/jailbreak/jailbreak_00401.jpg,1,JAILBREAK,scenic_text_overlay,512,512,JPEG,val
IMG_JAIL_00281,jailbreak_00281.jpg,vision_detector/dataset/jailbreak/jailbreak_00281.jpg,1,JAILBREAK,scenic_text_overlay,512,512,JPEG,train
IMG_JAIL_00010,jailbreak_00010.jpg,vision_detector/dataset/jailbreak/jailbreak_00010.jpg,1,JAILBREAK,high_contrast_typographic,512,512,JPEG,train
IMG_JAIL_00625,jailbreak_00625.jpg,vision_detector/dataset/jailbreak/jailbreak_00625.jpg,1,JAILBREAK,scenic_text_overlay,512,512,JPEG,val
IMG_JAIL_00044,jailbreak_00044.jpg,vision_detector/dataset/jailbreak/jailbreak_00044.jpg,1,JAILBREAK,system_dialog_injection,512,512,JPEG,train
IMG_SAFE_00635,safe_00635.jpg,vision_detector/dataset/safe/safe_00635.jpg,0,SAFE,benign_nature_visual,640,425,JPEG,train
IMG_JAIL_00271,jailbreak_00271.jpg,vision_detector/dataset/jailbreak/jailbreak_00271.jpg,1,JAILBREAK,terminal_code_injection,512,512,JPEG,test
IMG_SAFE_00848,safe_00848.jpg,vision_detector/dataset/safe/safe_00848.jpg,0,SAFE,benign_nature_visual,640,480,JPEG,val
IMG_JAIL_00792,jailbreak_00792.jpg,vision_detector/dataset/jailbreak/jailbreak_00792.jpg,1,JAILBREAK,system_dialog_injection,512,512,JPEG,test
IMG_SAFE_00382,safe_00382.jpg,vision_detector/dataset/safe/safe_00382.jpg,0,SAFE,benign_nature_visual,640,412,JPEG,train
IMG_SAFE_00107,safe_00107.jpg,vision_detector/dataset/safe/safe_00107.jpg,0,SAFE,benign_nature_visual,480,640,JPEG,test
IMG_SAFE_00536,safe_00536.jpg,vision_detector/dataset/safe/safe_00536.jpg,0,SAFE,benign_nature_visual,333,500,JPEG,train
IMG_SAFE_00768,safe_00768.jpg,vision_detector/dataset/safe/safe_00768.jpg,0,SAFE,benign_nature_visual,640,425,JPEG,train
IMG_JAIL_00626,jailbreak_00626.jpg,vision_detector/dataset/jailbreak/jailbreak_00626.jpg,1,JAILBREAK,high_contrast_typographic,512,512,JPEG,train
IMG_SAFE_00439,safe_00439.jpg,vision_detector/dataset/safe/safe_00439.jpg,0,SAFE,benign_nature_visual,640,539,JPEG,val
IMG_SAFE_00468,safe_00468.jpg,vision_detector/dataset/safe/safe_00468.jpg,0,SAFE,benign_nature_visual,640,400,JPEG,train
IMG_SAFE_00890,safe_00890.jpg,vision_detector/dataset/safe/safe_00890.jpg,0,SAFE,benign_nature_visual,640,476,JPEG,val
IMG_JAIL_00681,jailbreak_00681.jpg,vision_detector/dataset/jailbreak/jailbreak_00681.jpg,1,JAILBREAK,scenic_text_overlay,512,512,JPEG,train
IMG_JAIL_00728,jailbreak_00728.jpg,vision_detector/dataset/jailbreak/jailbreak_00728.jpg,1,JAILBREAK,system_dialog_injection,512,512,JPEG,val
IMG_JAIL_00620,jailbreak_00620.jpg,vision_detector/dataset/jailbreak/jailbreak_00620.jpg,1,JAILBREAK,system_dialog_injection,512,512,JPEG,val
IMG_JAIL_00801,jailbreak_00801.jpg,vision_detector/dataset/jailbreak/jailbreak_00801.jpg,1,JAILBREAK,scenic_text_overlay,512,512,JPEG,train
IMG_SAFE_00444,safe_00444.jpg,vision_detector/dataset/safe/safe_00444.jpg,0,SAFE,benign_nature_visual,640,480,JPEG,train
IMG_JAIL_00265,jailbreak_00265.jpg,vision_detector/dataset/jailbreak/jailbreak_00265.jpg,1,JAILBREAK,scenic_text_overlay,512,512,JPEG,train
IMG_JAIL_00175,jailbreak_00175.jpg,vision_detector/dataset/jailbreak/jailbreak_00175.jpg,1,JAILBREAK,terminal_code_injection,512,512,JPEG,train
IMG_JAIL_00236,jailbreak_00236.jpg,vision_detector/dataset/jailbreak/jailbreak_00236.jpg,1,JAILBREAK,system_dialog_injection,512,512,JPEG,train
IMG_JAIL_00921,jailbreak_00921.jpg,vision_detector/dataset/jailbreak/jailbreak_00921.jpg,1,JAILBREAK,scenic_text_overlay,512,512,JPEG,train
IMG_JAIL_00252,jailbreak_00252.jpg,vision_detector/dataset/jailbreak/jailbreak_00252.jpg,1,JAILBREAK,system_dialog_injection,512,512,JPEG,test
IMG_JAIL_00408,jailbreak_00408.jpg,vision_detector/dataset/jailbreak/jailbreak_00408.jpg,1,JAILBREAK,system_dialog_injection,512,512,JPEG,train
IMG_JAIL_00636,jailbreak_00636.jpg,vision_detector/dataset/jailbreak/jailbreak_00636.jpg,1,JAILBREAK,system_dialog_injection,512,512,JPEG,train
IMG_SAFE_00597,safe_00597.jpg,vision_detector/dataset/safe/safe_00597.jpg,0,SAFE,benign_nature_visual,640,480,JPEG,train
IMG_SAFE_00371,safe_00371.jpg,vision_detector/dataset/safe/safe_00371.jpg,0,SAFE,benign_nature_visual,491,640,JPEG,train
IMG_SAFE_00899,safe_00899.jpg,vision_detector/dataset/safe/safe_00899.jpg,0,SAFE,benign_nature_visual,640,480,JPEG,val
IMG_SAFE_00957,safe_00957.jpg,vision_detector/dataset/safe/safe_00957.jpg,0,SAFE,benign_nature_visual,480,640,JPEG,train
IMG_JAIL_00874,jailbreak_00874.jpg,vision_detector/dataset/jailbreak/jailbreak_00874.jpg,1,JAILBREAK,high_contrast_typographic,512,512,JPEG,train
IMG_JAIL_00606,jailbreak_00606.jpg,vision_detector/dataset/jailbreak/jailbreak_00606.jpg,1,JAILBREAK,high_contrast_typographic,512,512,JPEG,train
IMG_JAIL_00956,jailbreak_00956.jpg,vision_detector/dataset/jailbreak/jailbreak_00956.jpg,1,JAILBREAK,system_dialog_injection,512,512,JPEG,test
IMG_JAIL_00186,jailbreak_00186.jpg,vision_detector/dataset/jailbreak/jailbreak_00186.jpg,1,JAILBREAK,high_contrast_typographic,512,512,JPEG,train
IMG_SAFE_00452,safe_00452.jpg,vision_detector/dataset/safe/safe_00452.jpg,0,SAFE,benign_nature_visual,640,360,JPEG,train
IMG_JAIL_00451,jailbreak_00451.jpg,vision_detector/dataset/jailbreak/jailbreak_00451.jpg,1,JAILBREAK,terminal_code_injection,512,512,JPEG,train
IMG_SAFE_00462,safe_00462.jpg,vision_detector/dataset/safe/safe_00462.jpg,0,SAFE,benign_nature_visual,640,480,JPEG,test
IMG_SAFE_00264,safe_00264.jpg,vision_detector/dataset/safe/safe_00264.jpg,0,SAFE,benign_nature_visual,500,375,JPEG,train
IMG_JAIL_00853,jailbreak_00853.jpg,vision_detector/dataset/jailbreak/jailbreak_00853.jpg,1,JAILBREAK,scenic_text_overlay,512,512,JPEG,train
IMG_SAFE_00710,safe_00710.jpg,vision_detector/dataset/safe/safe_00710.jpg,0,SAFE,benign_nature_visual,640,426,JPEG,val
IMG_SAFE_00205,safe_00205.jpg,vision_detector/dataset/safe/safe_00205.jpg,0,SAFE,benign_nature_visual,500,375,JPEG,train
IMG_SAFE_00974,safe_00974.jpg,vision_detector/dataset/safe/safe_00974.jpg,0,SAFE,benign_nature_visual,640,425,JPEG,train
IMG_SAFE_00454,safe_00454.jpg,vision_detector/dataset/safe/safe_00454.jpg,0,SAFE,benign_nature_visual,480,640,JPEG,train
IMG_SAFE_00018,safe_00018.jpg,vision_detector/dataset/safe/safe_00018.jpg,0,SAFE,benign_nature_visual,640,360,JPEG,train
IMG_SAFE_00133,safe_00133.jpg,vision_detector/dataset/safe/safe_00133.jpg,0,SAFE,benign_nature_visual,640,426,JPEG,train
IMG_JAIL_00429,jailbreak_00429.jpg,vision_detector/dataset/jailbreak/jailbreak_00429.jpg,1,JAILBREAK,scenic_text_overlay,512,512,JPEG,train
IMG_SAFE_00299,safe_00299.jpg,vision_detector/dataset/safe/safe_00299.jpg,0,SAFE,benign_nature_visual,640,426,JPEG,train
IMG_SAFE_00547,safe_00547.jpg,vision_detector/dataset/safe/safe_00547.jpg,0,SAFE,benign_nature_visual,640,480,JPEG,val
IMG_SAFE_00550,safe_00550.jpg,vision_detector/dataset/safe/safe_00550.jpg,0,SAFE,benign_nature_visual,640,426,JPEG,train
IMG_SAFE_00968,safe_00968.jpg,vision_detector/dataset/safe/safe_00968.jpg,0,SAFE,benign_nature_visual,333,500,JPEG,train
IMG_JAIL_00684,jailbreak_00684.jpg,vision_detector/dataset/jailbreak/jailbreak_00684.jpg,1,JAILBREAK,system_dialog_injection,512,512,JPEG,val
IMG_JAIL_00957,jailbreak_00957.jpg,vision_detector/dataset/jailbreak/jailbreak_00957.jpg,1,JAILBREAK,scenic_text_overlay,512,512,JPEG,train
IMG_JAIL_00942,jailbreak_00942.jpg,vision_detector/dataset/jailbreak/jailbreak_00942.jpg,1,JAILBREAK,high_contrast_typographic,512,512,JPEG,train
IMG_JAIL_00631,jailbreak_00631.jpg,vision_detector/dataset/jailbreak/jailbreak_00631.jpg,1,JAILBREAK,terminal_code_injection,512,512,JPEG,train
IMG_SAFE_00767,safe_00767.jpg,vision_detector/dataset/safe/safe_00767.jpg,0,SAFE,benign_nature_visual,640,516,JPEG,val
IMG_JAIL_00381,jailbreak_00381.jpg,vision_detector/dataset/jailbreak/jailbreak_00381.jpg,1,JAILBREAK,scenic_text_overlay,512,512,JPEG,train
IMG_JAIL_00246,jailbreak_00246.jpg,vision_detector/dataset/jailbreak/jailbreak_00246.jpg,1,JAILBREAK,high_contrast_typographic,512,512,JPEG,train
IMG_JAIL_00997,jailbreak_00997.jpg,vision_detector/dataset/jailbreak/jailbreak_00997.jpg,1,JAILBREAK,scenic_text_overlay,512,512,JPEG,test
IMG_SAFE_00835,safe_00835.jpg,vision_detector/dataset/safe/safe_00835.jpg,0,SAFE,benign_nature_visual,427,640,JPEG,train
IMG_JAIL_00563,jailbreak_00563.jpg,vision_detector/dataset/jailbreak/jailbreak_00563.jpg,1,JAILBREAK,terminal_code_injection,512,512,JPEG,test
IMG_SAFE_00453,safe_00453.jpg,vision_detector/dataset/safe/safe_00453.jpg,0,SAFE,benign_nature_visual,480,640,JPEG,train
IMG_SAFE_00682,safe_00682.jpg,vision_detector/dataset/safe/safe_00682.jpg,0,SAFE,benign_nature_visual,640,458,JPEG,test
IMG_SAFE_00750,safe_00750.jpg,vision_detector/dataset/safe/safe_00750.jpg,0,SAFE,benign_nature_visual,640,427,JPEG,train
IMG_JAIL_00699,jailbreak_00699.jpg,vision_detector/dataset/jailbreak/jailbreak_00699.jpg,1,JAILBREAK,terminal_code_injection,512,512,JPEG,val
IMG_SAFE_00492,safe_00492.jpg,vision_detector/dataset/safe/safe_00492.jpg,0,SAFE,benign_nature_visual,514,640,JPEG,test
IMG_SAFE_00151,safe_00151.jpg,vision_detector/dataset/safe/safe_00151.jpg,0,SAFE,benign_nature_visual,612,612,JPEG,train
IMG_JAIL_00883,jailbreak_00883.jpg,vision_detector/dataset/jailbreak/jailbreak_00883.jpg,1,JAILBREAK,terminal_code_injection,512,512,JPEG,train
IMG_JAIL_00489,jailbreak_00489.jpg,vision_detector/dataset/jailbreak/jailbreak_00489.jpg,1,JAILBREAK,scenic_text_overlay,512,512,JPEG,val
IMG_SAFE_00258,safe_00258.jpg,vision_detector/dataset/safe/safe_00258.jpg,0,SAFE,benign_nature_visual,640,429,JPEG,train
IMG_JAIL_00276,jailbreak_00276.jpg,vision_detector/dataset/jailbreak/jailbreak_00276.jpg,1,JAILBREAK,system_dialog_injection,512,512,JPEG,train
IMG_SAFE_00337,safe_00337.jpg,vision_detector/dataset/safe/safe_00337.jpg,0,SAFE,benign_nature_visual,600,357,JPEG,train
IMG_JAIL_00809,jailbreak_00809.jpg,vision_detector/dataset/jailbreak/jailbreak_00809.jpg,1,JAILBREAK,scenic_text_overlay,512,512,JPEG,train
IMG_SAFE_00881,safe_00881.jpg,vision_detector/dataset/safe/safe_00881.jpg,0,SAFE,benign_nature_visual,640,424,JPEG,test
IMG_SAFE_00753,safe_00753.jpg,vision_detector/dataset/safe/safe_00753.jpg,0,SAFE,benign_nature_visual,500,375,JPEG,val
IMG_SAFE_00790,safe_00790.jpg,vision_detector/dataset/safe/safe_00790.jpg,0,SAFE,benign_nature_visual,640,480,JPEG,train
IMG_SAFE_00175,safe_00175.jpg,vision_detector/dataset/safe/safe_00175.jpg,0,SAFE,benign_nature_visual,640,426,JPEG,train
IMG_JAIL_00548,jailbreak_00548.jpg,vision_detector/dataset/jailbreak/jailbreak_00548.jpg,1,JAILBREAK,system_dialog_injection,512,512,JPEG,train
IMG_SAFE_00413,safe_00413.jpg,vision_detector/dataset/safe/safe_00413.jpg,0,SAFE,benign_nature_visual,640,426,JPEG,train
IMG_JAIL_00846,jailbreak_00846.jpg,vision_detector/dataset/jailbreak/jailbreak_00846.jpg,1,JAILBREAK,high_contrast_typographic,512,512,JPEG,train
IMG_SAFE_00197,safe_00197.jpg,vision_detector/dataset/safe/safe_00197.jpg,0,SAFE,benign_nature_visual,640,329,JPEG,train
IMG_SAFE_00700,safe_00700.jpg,vision_detector/dataset/safe/safe_00700.jpg,0,SAFE,benign_nature_visual,640,480,JPEG,test
IMG_JAIL_00332,jailbreak_00332.jpg,vision_detector/dataset/jailbreak/jailbreak_00332.jpg,1,JAILBREAK,system_dialog_injection,512,512,JPEG,train
IMG_SAFE_00924,safe_00924.jpg,vision_detector/dataset/safe/safe_00924.jpg,0,SAFE,benign_nature_visual,612,612,JPEG,train
IMG_SAFE_00243,safe_00243.jpg,vision_detector/dataset/safe/safe_00243.jpg,0,SAFE,benign_nature_visual,640,425,JPEG,val
IMG_JAIL_00369,jailbreak_00369.jpg,vision_detector/dataset/jailbreak/jailbreak_00369.jpg,1,JAILBREAK,scenic_text_overlay,512,512,JPEG,train
IMG_JAIL_00759,jailbreak_00759.jpg,vision_detector/dataset/jailbreak/jailbreak_00759.jpg,1,JAILBREAK,terminal_code_injection,512,512,JPEG,train
IMG_SAFE_00126,safe_00126.jpg,vision_detector/dataset/safe/safe_00126.jpg,0,SAFE,benign_nature_visual,426,640,JPEG,train
IMG_SAFE_00234,safe_00234.jpg,vision_detector/dataset/safe/safe_00234.jpg,0,SAFE,benign_nature_visual,640,480,JPEG,val
IMG_JAIL_00723,jailbreak_00723.jpg,vision_detector/dataset/jailbreak/jailbreak_00723.jpg,1,JAILBREAK,terminal_code_injection,512,512,JPEG,train
IMG_JAIL_00037,jailbreak_00037.jpg,vision_detector/dataset/jailbreak/jailbreak_00037.jpg,1,JAILBREAK,scenic_text_overlay,512,512,JPEG,train
IMG_SAFE_00600,safe_00600.jpg,vision_detector/dataset/safe/safe_00600.jpg,0,SAFE,benign_nature_visual,500,375,JPEG,train
IMG_JAIL_00652,jailbreak_00652.jpg,vision_detector/dataset/jailbreak/jailbreak_00652.jpg,1,JAILBREAK,system_dialog_injection,512,512,JPEG,train
IMG_SAFE_00129,safe_00129.jpg,vision_detector/dataset/safe/safe_00129.jpg,0,SAFE,benign_nature_visual,640,427,JPEG,test
IMG_JAIL_00261,jailbreak_00261.jpg,vision_detector/dataset/jailbreak/jailbreak_00261.jpg,1,JAILBREAK,scenic_text_overlay,512,512,JPEG,train
IMG_JAIL_00406,jailbreak_00406.jpg,vision_detector/dataset/jailbreak/jailbreak_00406.jpg,1,JAILBREAK,high_contrast_typographic,512,512,JPEG,train
IMG_SAFE_00715,safe_00715.jpg,vision_detector/dataset/safe/safe_00715.jpg,0,SAFE,benign_nature_visual,640,427,JPEG,train
IMG_JAIL_00012,jailbreak_00012.jpg,vision_detector/dataset/jailbreak/jailbreak_00012.jpg,1,JAILBREAK,system_dialog_injection,512,512,JPEG,train
IMG_SAFE_00704,safe_00704.jpg,vision_detector/dataset/safe/safe_00704.jpg,0,SAFE,benign_nature_visual,322,214,JPEG,train
IMG_JAIL_00193,jailbreak_00193.jpg,vision_detector/dataset/jailbreak/jailbreak_00193.jpg,1,JAILBREAK,scenic_text_overlay,512,512,JPEG,train
IMG_SAFE_00115,safe_00115.jpg,vision_detector/dataset/safe/safe_00115.jpg,0,SAFE,benign_nature_visual,640,480,JPEG,train
IMG_SAFE_00426,safe_00426.jpg,vision_detector/dataset/safe/safe_00426.jpg,0,SAFE,benign_nature_visual,333,500,JPEG,train
IMG_JAIL_00438,jailbreak_00438.jpg,vision_detector/dataset/jailbreak/jailbreak_00438.jpg,1,JAILBREAK,high_contrast_typographic,512,512,JPEG,train
IMG_JAIL_00300,jailbreak_00300.jpg,vision_detector/dataset/jailbreak/jailbreak_00300.jpg,1,JAILBREAK,system_dialog_injection,512,512,JPEG,train
IMG_JAIL_00294,jailbreak_00294.jpg,vision_detector/dataset/jailbreak/jailbreak_00294.jpg,1,JAILBREAK,high_contrast_typographic,512,512,JPEG,val
IMG_JAIL_00437,jailbreak_00437.jpg,vision_detector/dataset/jailbreak/jailbreak_00437.jpg,1,JAILBREAK,scenic_text_overlay,512,512,JPEG,train
IMG_JAIL_00600,jailbreak_00600.jpg,vision_detector/dataset/jailbreak/jailbreak_00600.jpg,1,JAILBREAK,system_dialog_injection,512,512,JPEG,train
IMG_JAIL_00363,jailbreak_00363.jpg,vision_detector/dataset/jailbreak/jailbreak_00363.jpg,1,JAILBREAK,terminal_code_injection,512,512,JPEG,train
IMG_SAFE_00379,safe_00379.jpg,vision_detector/dataset/safe/safe_00379.jpg,0,SAFE,benign_nature_visual,500,313,JPEG,test
IMG_JAIL_00413,jailbreak_00413.jpg,vision_detector/dataset/jailbreak/jailbreak_00413.jpg,1,JAILBREAK,scenic_text_overlay,512,512,JPEG,train
IMG_JAIL_00584,jailbreak_00584.jpg,vision_detector/dataset/jailbreak/jailbreak_00584.jpg,1,JAILBREAK,system_dialog_injection,512,512,JPEG,train
